ticker,year,paid_in_capital_vnd,treasury_cash_vnd,upper_bound_fraction,below_par_excluded,reason
ABT,2018,141072070000.0,-98896574474.0,0.7010358214351005128088075832,false,BOUND_OK
ABT,2019,141072070000.0,-98896574474.0,0.7010358214351005128088075832,false,BOUND_OK
ABT,2020,141072070000.0,-98896574474.0,0.7010358214351005128088075832,false,BOUND_OK
ABT,2021,141072070000.0,-98896574474.0,0.7010358214351005128088075832,false,BOUND_OK
ABT,2022,143872070000.0,-98896574474.0,0.6873924485412630818476442300,false,BOUND_OK
ABT,2023,143872070000.0,-98896574474.0,0.6873924485412630818476442300,false,BOUND_OK
ABT,2024,143872070000.0,-98896574474.0,0.6873924485412630818476442300,false,BOUND_OK
ABT,2025,143872070000.0,-98896574474.0,0.6873924485412630818476442300,false,BOUND_OK
AGG,2020,824925170000.0,-1300000000.0,0.001575900514709716034000999145,false,BOUND_OK
AGR,2018,,-10670647739.0,,false,PAID_IN_CAPITAL_MISSING
AGR,2019,,-10670647739.0,,false,PAID_IN_CAPITAL_MISSING
AGR,2020,,-10670647739.0,,false,PAID_IN_CAPITAL_MISSING
AGR,2021,,-626863.0,,false,PAID_IN_CAPITAL_MISSING
AGR,2022,,-626863.0,,false,PAID_IN_CAPITAL_MISSING
AGR,2023,,-626863.0,,false,PAID_IN_CAPITAL_MISSING
AGR,2024,,-626863.0,,false,PAID_IN_CAPITAL_MISSING
AGR,2025,,-626863.0,,false,PAID_IN_CAPITAL_MISSING
ANV,2018,1250446250000.0,-27417629848.0,,true,BELOW_PAR_EXCLUDED
ANV,2019,1275396250000.0,-27587629848.0,,true,BELOW_PAR_EXCLUDED
ANV,2020,1275396250000.0,-27587629848.0,,true,BELOW_PAR_EXCLUDED
ANV,2021,1275396250000.0,-27587629848.0,,true,BELOW_PAR_EXCLUDED
ANV,2022,1275396250000.0,-27587629848.0,,true,BELOW_PAR_EXCLUDED
ANV,2023,1335396250000.0,-27587629848.0,0.02065875941167275256314371109,false,BOUND_OK
ANV,2024,2666675000000.0,-27587629848.0,0.01034532886384730047718600879,false,BOUND_OK
ANV,2025,2666675000000.0,-27587629848.0,0.01034532886384730047718600879,false,BOUND_OK
ASP,2018,373399290000.0,-3639900.0,,true,BELOW_PAR_EXCLUDED
ASP,2019,373399290000.0,-3639900.0,,true,BELOW_PAR_EXCLUDED
ASP,2020,373399290000.0,-3639900.0,,true,BELOW_PAR_EXCLUDED
ASP,2021,373399290000.0,-3639900.0,,true,BELOW_PAR_EXCLUDED
ASP,2022,373399290000.0,-3639900.0,,true,BELOW_PAR_EXCLUDED
ASP,2023,373399290000.0,-3639900.0,,true,BELOW_PAR_EXCLUDED
ASP,2024,373399290000.0,-3639900.0,,true,BELOW_PAR_EXCLUDED
ASP,2025,373399290000.0,-3639900.0,,true,BELOW_PAR_EXCLUDED
BSI,2018,,-44316250.0,,false,PAID_IN_CAPITAL_MISSING
BSI,2019,,-44316250.0,,false,PAID_IN_CAPITAL_MISSING
BSI,2020,,-4686864250.0,,false,PAID_IN_CAPITAL_MISSING
BSI,2021,,-4689353200.0,,false,PAID_IN_CAPITAL_MISSING
BSI,2022,,-4689422140.0,,false,PAID_IN_CAPITAL_MISSING
C32,2022,150301450000.0,-20100000.0,,true,BELOW_PAR_EXCLUDED
C32,2023,150301450000.0,-20100000.0,,true,BELOW_PAR_EXCLUDED
C32,2024,150301450000.0,-20100000.0,,true,BELOW_PAR_EXCLUDED
C32,2025,300592900000.0,-20100000.0,,true,BELOW_PAR_EXCLUDED
CII,2018,2830432730000.0,-851997873500.0,0.3010132918792244180980764733,false,BOUND_OK
CII,2019,2831681520000.0,-851997873500.0,0.3008805430562685594670971332,false,BOUND_OK
CII,2020,2831681520000.0,-1027507990369.0,0.3628614246029334541830820014,false,BOUND_OK
CII,2021,2833047710000.0,-1027507990369.0,0.3626864407338201868827687339,false,BOUND_OK
CII,2022,2840195130000.0,-737021149571.0,,true,BELOW_PAR_EXCLUDED
CMG,2024,1903974960000.0,-28000000.0,0.00001470607575637444307565893619,false,BOUND_OK
CMG,2025,2117839070000.0,-537000000.0,0.0002535603425240426790313203543,false,BOUND_OK
CRE,2019,800000000000.0,-1080000.0,,true,BELOW_PAR_EXCLUDED
CRE,2020,800000000000.0,-1080000.0,,true,BELOW_PAR_EXCLUDED
CRE,2021,2015995570000.0,-1080000.0,,true,BELOW_PAR_EXCLUDED
CRE,2022,4636785340000.0,-1080000.0,,true,BELOW_PAR_EXCLUDED
CRE,2023,4636785340000.0,-1080000.0,,true,BELOW_PAR_EXCLUDED
CRE,2024,4636785340000.0,-1080000.0,,true,BELOW_PAR_EXCLUDED
CRE,2025,4636785340000.0,-1080000.0,,true,BELOW_PAR_EXCLUDED
CSM,2018,1036264670000.0,-12050000.0,0.00001162830341403031717756043926,false,BOUND_OK
CSM,2019,1036264670000.0,-12050000.0,0.00001162830341403031717756043926,false,BOUND_OK
CSM,2020,1036264670000.0,-12050000.0,0.00001162830341403031717756043926,false,BOUND_OK
CSM,2021,1036264670000.0,-12050000.0,0.00001162830341403031717756043926,false,BOUND_OK
CSM,2022,1036264670000.0,-12050000.0,0.00001162830341403031717756043926,false,BOUND_OK
CSM,2023,1036264670000.0,-12050000.0,0.00001162830341403031717756043926,false,BOUND_OK
CSM,2024,1036264670000.0,-12050000.0,0.00001162830341403031717756043926,false,BOUND_OK
CSM,2025,1036264670000.0,-12050000.0,,true,BELOW_PAR_EXCLUDED
CTD,2018,783550000000.0,-439558938999.0,0.5609839053015123476485227490,false,BOUND_OK
CTD,2019,792550000000.0,-443424538999.0,0.5594909330628982398586839947,false,BOUND_OK
CTD,2020,792550000000.0,-519526282648.0,0.6555123117128256892309633462,false,BOUND_OK
CTD,2021,792550000000.0,-621396381083.0,0.7840469132332344962462936092,false,BOUND_OK
CTD,2022,788308000000.0,-597634655083.0,0.7581232907480324949131557716,false,BOUND_OK
CTD,2023,1036332610000.0,-530940621523.0,0.5123264639168307171188987289,false,BOUND_OK
CTD,2024,1036332610000.0,-445191149803.0,0.4295832684479551405798182883,false,BOUND_OK
CTD,2025,1036332610000.0,-264867149803.0,0.2555812171181219512140991105,false,BOUND_OK
CTI,2020,629999970000.0,-155036000000.0,,true,BELOW_PAR_EXCLUDED
CTI,2021,629999970000.0,-155036000000.0,0.2460889006074079654321253380,false,BOUND_OK
CTI,2022,629999970000.0,-155036000000.0,0.2460889006074079654321253380,false,BOUND_OK
CTI,2023,629999970000.0,-155036000000.0,0.2460889006074079654321253380,false,BOUND_OK
CTI,2024,629999970000.0,-155036000000.0,0.2460889006074079654321253380,false,BOUND_OK
CTS,2018,,-255742104.0,,false,PAID_IN_CAPITAL_MISSING
CTS,2019,,-255742104.0,,false,PAID_IN_CAPITAL_MISSING
CTS,2020,,-258748681.0,,false,PAID_IN_CAPITAL_MISSING
CTS,2021,,-258748681.0,,false,PAID_IN_CAPITAL_MISSING
CTS,2022,,-258748681.0,,false,PAID_IN_CAPITAL_MISSING
CTS,2023,,-258748681.0,,false,PAID_IN_CAPITAL_MISSING
D2D,2018,107000000000.0,-1407670000.0,,true,BELOW_PAR_EXCLUDED
D2D,2019,213549840000.0,-1407670000.0,0.006591763309211563914072705463,false,BOUND_OK
D2D,2020,303047580000.0,-1407670000.0,0.004645046167337815401792682192,false,BOUND_OK
D2D,2021,303047580000.0,-1407670000.0,0.004645046167337815401792682192,false,BOUND_OK
D2D,2022,303047580000.0,-1407670000.0,0.004645046167337815401792682192,false,BOUND_OK
D2D,2023,303047580000.0,-1407670000.0,0.004645046167337815401792682192,false,BOUND_OK
D2D,2024,303047580000.0,-1407670000.0,0.004645046167337815401792682192,false,BOUND_OK
D2D,2025,303047580000.0,-1407670000.0,0.004645046167337815401792682192,false,BOUND_OK
DBD,2018,523790000000.0,-878000.0,0.000001676244296378319555547070391,false,BOUND_OK
DBD,2019,523790000000.0,-878000.0,0.000001676244296378319555547070391,false,BOUND_OK
DBD,2020,523790000000.0,-1952796558.0,0.003728205116554344298287481624,false,BOUND_OK
DBD,2021,576124440000.0,-1952796558.0,0.003389539520316131702380131626,false,BOUND_OK
DBD,2022,748835590000.0,-1952796558.0,0.002607777440172147800827682349,false,BOUND_OK
DBD,2023,748835590000.0,-1952796558.0,0.002607777440172147800827682349,false,BOUND_OK
DBD,2024,935938470000.0,-1952796558.0,0.002086458266855939792708809159,false,BOUND_OK
DBD,2025,945293470000.0,-1952796558.0,0.002065809846332694967204205907,false,BOUND_OK
DGC,2018,1078038110000.0,-8730000.0,,true,BELOW_PAR_EXCLUDED
DGC,2019,1293636160000.0,-8730000.0,,true,BELOW_PAR_EXCLUDED
DGC,2020,1487669430000.0,-8730000.0,,true,BELOW_PAR_EXCLUDED
DGC,2021,1710805560000.0,-8730000.0,0.000005102859263562365322216979468,false,BOUND_OK
DGC,2022,3797792860000.0,-8730000.0,0.000002298703568577460541120718206,false,BOUND_OK
DGC,2023,3797792860000.0,-8730000.0,0.000002298703568577460541120718206,false,BOUND_OK
DGC,2024,3797792860000.0,-8730000.0,0.000002298703568577460541120718206,false,BOUND_OK
DGC,2025,3797792860000.0,-8730000.0,0.000002298703568577460541120718206,false,BOUND_OK
DGW,2018,407517470000.0,-6272937166.0,,true,BELOW_PAR_EXCLUDED
DGW,2019,419517470000.0,-6272937166.0,,true,BELOW_PAR_EXCLUDED
DGW,2020,431517470000.0,-6272937166.0,,true,BELOW_PAR_EXCLUDED
DGW,2021,885520250000.0,-6272937166.0,0.007083900301545899147986734352,false,BOUND_OK
DGW,2022,1632299430000.0,-6302937166.0,0.003861385386871084063295911339,false,BOUND_OK
DGW,2023,1672244430000.0,-6439937166.0,0.003851074071749188005966328738,false,BOUND_OK
DGW,2024,2193201690000.0,-6272937166.0,0.002860173414329258518855144599,false,BOUND_OK
DGW,2025,2213201690000.0,-6272937166.0,0.002834326936556785296870074232,false,BOUND_OK
DHA,2018,151199460000.0,-1450720000.0,0.009594743261649214884762154574,false,BOUND_OK
DHA,2019,151199460000.0,-11645123500.0,0.07701828763145053560376472244,false,BOUND_OK
DHA,2020,151199460000.0,-11645123500.0,0.07701828763145053560376472244,false,BOUND_OK
DHA,2021,151199460000.0,-11645123500.0,0.07701828763145053560376472244,false,BOUND_OK
DHA,2022,151199460000.0,-11645123500.0,0.07701828763145053560376472244,false,BOUND_OK
DHA,2023,151199460000.0,-11645123500.0,0.07701828763145053560376472244,false,BOUND_OK
DHA,2024,151199460000.0,-11846503500.0,0.07835017069505406963755029284,false,BOUND_OK
DHA,2025,151199460000.0,-11846503500.0,0.07835017069505406963755029284,false,BOUND_OK
DPG,2020,449998100000.0,-36786835025.0,,true,BELOW_PAR_EXCLUDED
DPM,2018,3914000000000.0,-2296824120.0,,true,BELOW_PAR_EXCLUDED
DPM,2019,3914000000000.0,-2296824120.0,,true,BELOW_PAR_EXCLUDED
DPM,2020,3914000000000.0,-2296824120.0,,true,BELOW_PAR_EXCLUDED
DPM,2021,3914000000000.0,-2296824120.0,,true,BELOW_PAR_EXCLUDED
DPM,2022,3914000000000.0,-2296824120.0,0.0005868227184466019417475728155,false,BOUND_OK
DPM,2023,3914000000000.0,-2296824120.0,0.0005868227184466019417475728155,false,BOUND_OK
DPM,2024,3914000000000.0,-2296824120.0,0.0005868227184466019417475728155,false,BOUND_OK
DPM,2025,6799907610000.0,-2296824120.0,0.0003377728421813072251433133810,false,BOUND_OK
DPR,2018,430000000000.0,-126980054347.0,,true,BELOW_PAR_EXCLUDED
DPR,2019,430000000000.0,-126980054347.0,0.2953024519697674418604651163,false,BOUND_OK
DPR,2020,430000000000.0,-126980054347.0,0.2953024519697674418604651163,false,BOUND_OK
DXG,2018,3500714120000.0,-2500560000.0,,true,BELOW_PAR_EXCLUDED
DXG,2019,5200346670000.0,-2500560000.0,,true,BELOW_PAR_EXCLUDED
DXG,2020,5200346670000.0,-2500560000.0,,true,BELOW_PAR_EXCLUDED
DXG,2021,5977730480000.0,-2500560000.0,,true,BELOW_PAR_EXCLUDED
DXG,2022,6117790020000.0,-2500560000.0,,true,BELOW_PAR_EXCLUDED
DXG,2023,6117790020000.0,-2500560000.0,,true,BELOW_PAR_EXCLUDED
DXG,2024,7224509210000.0,-2500560000.0,,true,BELOW_PAR_EXCLUDED
DXG,2025,11141316750000.0,-2500560000.0,,true,BELOW_PAR_EXCLUDED
ELC,2018,509282430000.0,-3349334820.0,,true,BELOW_PAR_EXCLUDED
ELC,2019,509282430000.0,-3349334820.0,,true,BELOW_PAR_EXCLUDED
ELC,2020,509282430000.0,-3349334820.0,,true,BELOW_PAR_EXCLUDED
ELC,2021,509282430000.0,-1349334820.0,,true,BELOW_PAR_EXCLUDED
ELC,2025,1100889030000.0,-144000000.0,0.0001308033744327527725478379960,false,BOUND_OK
FCN,2020,1254390050000.0,-13935465178.0,,true,BELOW_PAR_EXCLUDED
FPT,2018,6136367720000.0,-823760000.0,0.0001342422810346183099991928124,false,BOUND_OK
FPT,2019,6783586880000.0,-823760000.0,0.0001214342816819646894534945501,false,BOUND_OK
FPT,2020,7839874860000.0,-823760000.0,0.0001050731057204655432472043310,false,BOUND_OK
FPT,2021,9075516490000.0,-823760000.0,0.00009076728590683217413227354513,false,BOUND_OK
FTS,2018,,-3588600.0,,false,PAID_IN_CAPITAL_MISSING
FTS,2019,,-8007450.0,,false,PAID_IN_CAPITAL_MISSING
FTS,2020,,-6041950.0,,false,PAID_IN_CAPITAL_MISSING
FTS,2021,,-254933700.0,,false,PAID_IN_CAPITAL_MISSING
GEX,2020,4882440000000.0,-102997990700.0,,true,BELOW_PAR_EXCLUDED
GIL,2018,190758250000.0,-30398814577.0,,true,BELOW_PAR_EXCLUDED
GIL,2019,240000000000.0,-30398814577.0,,true,BELOW_PAR_EXCLUDED
GIL,2020,360000000000.0,-30560814577.0,,true,BELOW_PAR_EXCLUDED
GIL,2021,432000000000.0,-33240074577.0,0.07694461707638888888888888889,false,BOUND_OK
GIL,2022,690000000000.0,-35804344577.0,0.05189035445942028985507246377,false,BOUND_OK
GIL,2023,700000000000.0,-41440754577.0,0.05920107796714285714285714286,false,BOUND_OK
GIL,2024,1016000660000.0,-41471761277.0,0.04081863615816942481120041792,false,BOUND_OK
GIL,2025,1016000660000.0,-50342231277.0,0.04954940804566012781920830642,false,BOUND_OK
GVR,2018,40000000000000.0,-107405977656.0,,true,BELOW_PAR_EXCLUDED
GVR,2019,40000000000000.0,-107526753018.0,,true,BELOW_PAR_EXCLUDED
GVR,2020,40000000000000.0,-71832156784.0,,true,BELOW_PAR_EXCLUDED
GVR,2021,40000000000000.0,-959568311.0,0.000023989207775,false,BOUND_OK
GVR,2022,40000000000000.0,-959568311.0,,true,BELOW_PAR_EXCLUDED
GVR,2023,40000000000000.0,-959534010.0,0.00002398835025,false,BOUND_OK
GVR,2024,40000000000000.0,-959534010.0,0.00002398835025,false,BOUND_OK
HAG,2018,9274679470000.0,-686640000.0,,true,BELOW_PAR_EXCLUDED
HAG,2019,9274679470000.0,-686640000.0,,true,BELOW_PAR_EXCLUDED
HAG,2020,9274679470000.0,-686640000.0,,true,BELOW_PAR_EXCLUDED
HAG,2021,9274679470000.0,-686640000.0,,true,BELOW_PAR_EXCLUDED
HAG,2022,9274679470000.0,-686640000.0,,true,BELOW_PAR_EXCLUDED
HAG,2023,9274679470000.0,-686640000.0,,true,BELOW_PAR_EXCLUDED
HAG,2024,10574679470000.0,-686640000.0,0.00006493246456764707970860132369,false,BOUND_OK
HAG,2025,12674679470000.0,-686640000.0,,true,BELOW_PAR_EXCLUDED
HAH,2018,487827510000.0,-14920919678.0,,true,BELOW_PAR_EXCLUDED
HAH,2019,487827510000.0,-14920919678.0,,true,BELOW_PAR_EXCLUDED
HAH,2020,487827510000.0,-22905485178.0,,true,BELOW_PAR_EXCLUDED
HAX,2019,367443990000.0,-2234667764.0,,true,BELOW_PAR_EXCLUDED
HAX,2020,367443990000.0,-2234667764.0,,true,BELOW_PAR_EXCLUDED
HCM,2018,,-2893857008.0,,false,PAID_IN_CAPITAL_MISSING
HCM,2019,,-5836857008.0,,false,PAID_IN_CAPITAL_MISSING
HCM,2020,,-12477449008.0,,false,PAID_IN_CAPITAL_MISSING
HCM,2021,,-12477449008.0,,false,PAID_IN_CAPITAL_MISSING
HCM,2022,,-12477449008.0,,false,PAID_IN_CAPITAL_MISSING
HCM,2023,,-12477449008.0,,false,PAID_IN_CAPITAL_MISSING
HCM,2024,,-12477449008.0,,false,PAID_IN_CAPITAL_MISSING
HCM,2025,,-12477449008.0,,false,PAID_IN_CAPITAL_MISSING
HDC,2018,504312670000.0,-8217561861.0,,true,BELOW_PAR_EXCLUDED
HDC,2019,579244400000.0,-8290500.0,,true,BELOW_PAR_EXCLUDED
HDC,2020,665158370000.0,-10568802507.0,,true,BELOW_PAR_EXCLUDED
HDG,2018,949520360000.0,-326270000.0,,true,BELOW_PAR_EXCLUDED
HDG,2019,1186812890000.0,-326270000.0,,true,BELOW_PAR_EXCLUDED
HHS,2018,2747440630000.0,-134681958146.0,,true,BELOW_PAR_EXCLUDED
HHS,2019,2747440630000.0,-134681958146.0,,true,BELOW_PAR_EXCLUDED
HHV,2018,79375000000.0,-96640000.0,,true,BELOW_PAR_EXCLUDED
HID,2018,570542980000.0,-52198297.0,,true,BELOW_PAR_EXCLUDED
HID,2019,587650320000.0,-58859397.0,,true,BELOW_PAR_EXCLUDED
HID,2021,587650320000.0,-58859397.0,,true,BELOW_PAR_EXCLUDED
HID,2022,767650320000.0,-58859397.0,,true,BELOW_PAR_EXCLUDED
HID,2023,767650320000.0,-59259397.0,,true,BELOW_PAR_EXCLUDED
HID,2024,767650320000.0,-58859397.0,,true,BELOW_PAR_EXCLUDED
HID,2025,767650320000.0,-58859397.0,,true,BELOW_PAR_EXCLUDED
HQC,2018,4766000000000.0,-7260000.0,,true,BELOW_PAR_EXCLUDED
HQC,2019,4766000000000.0,-7260000.0,,true,BELOW_PAR_EXCLUDED
HQC,2020,4766000000000.0,-7260000.0,,true,BELOW_PAR_EXCLUDED
HQC,2021,4766000000000.0,-7260000.0,,true,BELOW_PAR_EXCLUDED
HQC,2022,4766000000000.0,-7260000.0,,true,BELOW_PAR_EXCLUDED
HQC,2023,4766000000000.0,-7260000.0,,true,BELOW_PAR_EXCLUDED
HQC,2024,5766000000000.0,-7260000.0,,true,BELOW_PAR_EXCLUDED
HQC,2025,5766000000000.0,-7260000.0,,true,BELOW_PAR_EXCLUDED
HSG,2018,3849903280000.0,-1456000000.0,,true,BELOW_PAR_EXCLUDED
HSG,2019,4234694890000.0,-2459000000.0,,true,BELOW_PAR_EXCLUDED
HSG,2020,4446252130000.0,-3271000000.0,,true,BELOW_PAR_EXCLUDED
HT1,2018,3815899110000.0,-902752100.0,,true,BELOW_PAR_EXCLUDED
HT1,2019,3815899110000.0,-902752100.0,,true,BELOW_PAR_EXCLUDED
HT1,2020,3815899110000.0,-902752100.0,,true,BELOW_PAR_EXCLUDED
HT1,2021,3815899110000.0,-902752100.0,0.0002365765115839239261228790716,false,BOUND_OK
HVH,2019,200000000000.0,-8500000000.0,,true,BELOW_PAR_EXCLUDED
ITC,2018,690866880000.0,-9825117611.0,,true,BELOW_PAR_EXCLUDED
ITC,2019,690866880000.0,-9825117611.0,,true,BELOW_PAR_EXCLUDED
ITC,2020,797262940000.0,-9825117611.0,,true,BELOW_PAR_EXCLUDED
ITC,2021,876544270000.0,-9825117611.0,0.01120892343634851437680380935,false,BOUND_OK
ITC,2022,963754090000.0,-9825117611.0,,true,BELOW_PAR_EXCLUDED
ITC,2023,963754090000.0,-9825117611.0,,true,BELOW_PAR_EXCLUDED
ITC,2024,963754090000.0,-9825117611.0,,true,BELOW_PAR_EXCLUDED
ITC,2025,963754090000.0,-9825117611.0,,true,BELOW_PAR_EXCLUDED
ITD,2018,190647980000.0,-721880000.0,,true,BELOW_PAR_EXCLUDED
ITD,2019,190647980000.0,-721880000.0,,true,BELOW_PAR_EXCLUDED
ITD,2020,190647980000.0,-721880000.0,,true,BELOW_PAR_EXCLUDED
ITD,2021,190647980000.0,-721880000.0,,true,BELOW_PAR_EXCLUDED
ITD,2022,245335910000.0,-721880000.0,,true,BELOW_PAR_EXCLUDED
ITD,2023,245335910000.0,-721880000.0,,true,BELOW_PAR_EXCLUDED
ITD,2024,245335910000.0,-721880000.0,,true,BELOW_PAR_EXCLUDED
ITD,2025,262449950000.0,-721880000.0,,true,BELOW_PAR_EXCLUDED
KBC,2018,4757111670000.0,-364466650000.0,,true,BELOW_PAR_EXCLUDED
KBC,2019,4757111670000.0,-364466650000.0,,true,BELOW_PAR_EXCLUDED
KBC,2020,4757111670000.0,-364466650000.0,,true,BELOW_PAR_EXCLUDED
KBC,2021,5757111670000.0,-364466650000.0,0.06330720522570652168711537256,false,BOUND_OK
KDC,2018,2566533970000.0,-1959478509838.0,0.7634726571875454272674208945,false,BOUND_OK
KDC,2019,2566533970000.0,-1959478509838.0,0.7634726571875454272674208945,false,BOUND_OK
KDC,2020,2797413560000.0,-1959478509838.0,0.7004607891576817837402632738,false,BOUND_OK
KDC,2021,2797413560000.0,-1080464343268.0,0.3862369006561904275605212981,false,BOUND_OK
KDC,2022,2797413560000.0,-865273143268.0,0.3093118427823735865497127282,false,BOUND_OK
KDC,2023,2898063160000.0,-865273143268.0,0.2985694567360636819247238214,false,BOUND_OK
KDH,2020,5786572190000.0,-419064794000.0,0.07242021359799194002624202983,false,BOUND_OK
KSB,2019,537798820000.0,-2331000000.0,0.004334334537959752310352782105,false,BOUND_OK
KSB,2020,669684780000.0,-3354000000.0,,true,BELOW_PAR_EXCLUDED
KSB,2021,736312020000.0,-3354000000.0,0.004555134112845258182801361847,false,BOUND_OK
KSB,2022,766312020000.0,-3354000000.0,0.004376807243608158462658591731,false,BOUND_OK
KSB,2023,766312020000.0,-3354000000.0,0.004376807243608158462658591731,false,BOUND_OK
KSB,2024,1147791030000.0,-3354000000.0,0.002922134702516363104876329274,false,BOUND_OK
KSB,2025,1147791030000.0,-3354000000.0,0.002922134702516363104876329274,false,BOUND_OK
LCG,2018,1000000000000.0,-18771380000.0,,true,BELOW_PAR_EXCLUDED
LCG,2019,1048992930000.0,-18771380000.0,,true,BELOW_PAR_EXCLUDED
LCG,2020,1172485100000.0,-18771380000.0,,true,BELOW_PAR_EXCLUDED
LCG,2021,1744048240000.0,-18771380000.0,,true,BELOW_PAR_EXCLUDED
LCG,2022,1916411700000.0,-18771380000.0,,true,BELOW_PAR_EXCLUDED
LCG,2023,1916411700000.0,-18771380000.0,,true,BELOW_PAR_EXCLUDED
LCG,2024,1950911700000.0,-18771380000.0,,true,BELOW_PAR_EXCLUDED
LCG,2025,2086024670000.0,-18771380000.0,,true,BELOW_PAR_EXCLUDED
LDG,2019,2402124510000.0,-3900400000.0,,true,BELOW_PAR_EXCLUDED
LDG,2020,2402124510000.0,-7652400000.0,,true,BELOW_PAR_EXCLUDED
LDG,2021,2402124510000.0,-7652400000.0,,true,BELOW_PAR_EXCLUDED
LDG,2022,2569725850000.0,-7652400000.0,,true,BELOW_PAR_EXCLUDED
LDG,2023,2569725850000.0,-7652400000.0,,true,BELOW_PAR_EXCLUDED
LDG,2024,2569725850000.0,-7652400000.0,,true,BELOW_PAR_EXCLUDED
LDG,2025,2569725850000.0,-13567360000.0,,true,BELOW_PAR_EXCLUDED
MCH,2018,6279291230000.0,-1640252631255.0,0.2612162059658124823110012051,false,BOUND_OK
MCH,2019,7229246040000.0,-1640252631255.0,0.2268912445612378133972045583,false,BOUND_OK
MCH,2020,7267938180000.0,-1640252631255.0,0.2256833493395234135026723631,false,BOUND_OK
MCH,2021,7267938180000.0,-994666327121.0,0.1368567401767580802400275782,false,BOUND_OK
MCH,2022,7274618790000.0,-994666327121.0,0.1367310584698005873102252276,false,BOUND_OK
MCH,2023,7274618790000.0,-994666327121.0,0.1367310584698005873102252276,false,BOUND_OK
MCH,2024,7355531790000.0,-994666327121.0,0.1352269768547897201053358509,false,BOUND_OK
MCH,2025,10676207460000.0,-994666327121.0,0.09316663532885300451064857820,false,BOUND_OK
MCP,2018,150713370000.0,-317124000.0,0.002104153068835233397010497476,false,BOUND_OK
MCP,2019,150713370000.0,-317124000.0,,true,BELOW_PAR_EXCLUDED
MCP,2020,150713370000.0,-317124000.0,,true,BELOW_PAR_EXCLUDED
MCP,2021,150713370000.0,-317124000.0,0.002104153068835233397010497476,false,BOUND_OK
MCP,2022,150713370000.0,-317124000.0,,true,BELOW_PAR_EXCLUDED
MCP,2023,150713370000.0,-317124000.0,0.002104153068835233397010497476,false,BOUND_OK
MCP,2024,180810530000.0,-317124000.0,0.001753902275492472700566720312,false,BOUND_OK
MCP,2025,198868710000.0,-317124000.0,0.001594640001436123359979556362,false,BOUND_OK
MWG,2018,4434961780000.0,-808864500.0,0.0001823836461562471458322240603,false,BOUND_OK
MWG,2019,4435461780000.0,-5658924500.0,0.001275836605224901746307010225,false,BOUND_OK
MWG,2020,4532099870000.0,-6040930000.0,0.001332920759312393528521250349,false,BOUND_OK
MWG,2021,7130654950000.0,-2320000000.0,0.0003253558076036199171297722098,false,BOUND_OK
MWG,2022,14638792800000.0,-5025640000.0,0.0003433097297476606131073868332,false,BOUND_OK
MWG,2023,14633767160000.0,-9783280000.0,0.0006685414557327151021856220377,false,BOUND_OK
MWG,2024,14622441770000.0,-7599680000.0,0.0005197271508778933574785574270,false,BOUND_OK
MWG,2025,14696931770000.0,-12364140000.0,0.0008412735524320937906892113169,false,BOUND_OK
NAF,2018,362997820000.0,-620000.0,,true,BELOW_PAR_EXCLUDED
NAF,2019,567988450000.0,-620000.0,,true,BELOW_PAR_EXCLUDED
NAF,2020,599267850000.0,-620000.0,0.000001034595798856888451466235007,false,BOUND_OK
NAF,2021,629230850000.0,-620000.0,0.0000009853299468708503405387704687,false,BOUND_OK
NAF,2022,629230850000.0,-620000.0,,true,BELOW_PAR_EXCLUDED
NAF,2023,629230850000.0,-620000.0,,true,BELOW_PAR_EXCLUDED
NAF,2024,653042810000.0,-620000.0,0.0000009494017704597344850944764249,false,BOUND_OK
NAF,2025,682659870000.0,-620000.0,0.0000009082121672100045957000519160,false,BOUND_OK
NBB,2018,975715740000.0,-6891019437.0,0.007062527695822555860377941633,false,BOUND_OK
NBB,2019,1004756560000.0,-139163566214.0,0.1385047600127139254507579428,false,BOUND_OK
NBB,2020,1004756560000.0,-498686282051.0,0.4963254801252554151027389162,false,BOUND_OK
NBB,2021,1004756560000.0,-7087077763.0,0.007053527237483276546111826331,false,BOUND_OK
NBB,2022,1004756560000.0,-7087077763.0,0.007053527237483276546111826331,false,BOUND_OK
NBB,2023,1004756560000.0,-7087077763.0,0.007053527237483276546111826331,false,BOUND_OK
NBB,2024,1004756560000.0,-7087077763.0,0.007053527237483276546111826331,false,BOUND_OK
NBB,2025,1004756560000.0,-7087077763.0,0.007053527237483276546111826331,false,BOUND_OK
NCT,2018,261669400000.0,-12080000.0,0.00004616512286113699194479751931,false,BOUND_OK
NCT,2019,261669400000.0,-12080000.0,0.00004616512286113699194479751931,false,BOUND_OK
NCT,2020,261669400000.0,-12080000.0,0.00004616512286113699194479751931,false,BOUND_OK
NCT,2021,261669400000.0,-12080000.0,0.00004616512286113699194479751931,false,BOUND_OK
NCT,2022,261669400000.0,-12080000.0,0.00004616512286113699194479751931,false,BOUND_OK
NCT,2023,261669400000.0,-12080000.0,0.00004616512286113699194479751931,false,BOUND_OK
NCT,2024,261669400000.0,-12080000.0,0.00004616512286113699194479751931,false,BOUND_OK
NCT,2025,261669400000.0,-12080000.0,0.00004616512286113699194479751931,false,BOUND_OK
NKG,2020,1819998680000.0,-78043577721.0,,true,BELOW_PAR_EXCLUDED
NLG,2018,2391369180000.0,-86203408000.0,0.03604772057821703631724483461,false,BOUND_OK
NLG,2019,2597025750000.0,-382934347400.0,0.1474511168786062286829462511,false,BOUND_OK
NLG,2020,2852706600000.0,-382934347400.0,0.1342354476271762402765149420,false,BOUND_OK
NTL,2018,636000000000.0,-139616197028.0,,true,BELOW_PAR_EXCLUDED
NTL,2019,636000000000.0,-139616197028.0,,true,BELOW_PAR_EXCLUDED
OGC,2018,3000000000000.0,-10000.0,,true,BELOW_PAR_EXCLUDED
OGC,2019,3000000000000.0,-10000.0,,true,BELOW_PAR_EXCLUDED
OGC,2020,3000000000000.0,-10000.0,,true,BELOW_PAR_EXCLUDED
OGC,2021,3000000000000.0,-10000.0,,true,BELOW_PAR_EXCLUDED
OGC,2022,3000000000000.0,-10000.0,,true,BELOW_PAR_EXCLUDED
OGC,2023,3000000000000.0,-10000.0,,true,BELOW_PAR_EXCLUDED
OGC,2024,3000000000000.0,-10000.0,,true,BELOW_PAR_EXCLUDED
OGC,2025,3000000000000.0,-10000.0,,true,BELOW_PAR_EXCLUDED
PAN,2018,1361016300000.0,-1020000000.0,0.0007494399589483241310188570115,false,BOUND_OK
PAN,2019,1731011410000.0,-690000000.0,0.0003986108907277508933346661187,false,BOUND_OK
PAN,2020,2163585800000.0,-167828836328.0,0.07756976234915204194813998132,false,BOUND_OK
PAN,2021,2163585800000.0,-167828836328.0,0.07756976234915204194813998132,false,BOUND_OK
PAN,2022,2163585800000.0,-167828836328.0,,true,BELOW_PAR_EXCLUDED
PAN,2023,2162945800000.0,-167188836328.0,0.07729682192128901242000608614,false,BOUND_OK
PAN,2024,2162945800000.0,-167188836328.0,0.07729682192128901242000608614,false,BOUND_OK
PAN,2025,2162945800000.0,-167188836328.0,0.07729682192128901242000608614,false,BOUND_OK
PC1,2018,1327702940000.0,-4320000.0,,true,BELOW_PAR_EXCLUDED
PC1,2019,1593242660000.0,-4320000.0,,true,BELOW_PAR_EXCLUDED
PC1,2020,1911881590000.0,-4320000.0,,true,BELOW_PAR_EXCLUDED
PET,2018,866001240000.0,-50118432974.0,,true,BELOW_PAR_EXCLUDED
PET,2019,866001240000.0,-50118432974.0,,true,BELOW_PAR_EXCLUDED
PET,2020,866001240000.0,-25405790772.0,,true,BELOW_PAR_EXCLUDED
PET,2021,904501240000.0,-3994616440.0,,true,BELOW_PAR_EXCLUDED
PET,2022,904501240000.0,-5427873108.0,,true,BELOW_PAR_EXCLUDED
PET,2023,1073348310000.0,-5427873108.0,0.005056954072997981428787082173,false,BOUND_OK
PET,2024,1073348310000.0,-5427873108.0,0.005056954072997981428787082173,false,BOUND_OK
PET,2025,1073348310000.0,-5427873108.0,0.005056954072997981428787082173,false,BOUND_OK
PLX,2018,12938780810000.0,-1350648460000.0,0.1043876142453950419769109606,false,BOUND_OK
PLX,2019,12938780810000.0,-1030648460000.0,0.07965576317696350248319880148,false,BOUND_OK
PLX,2020,12938780810000.0,-750648460000.0,0.05801539349208590542620066226,false,BOUND_OK
PLX,2021,12938780810000.0,-232858460000.0,0.01799693985232600906854685330,false,BOUND_OK
PLX,2022,12938780810000.0,-232858460000.0,0.01799693985232600906854685330,false,BOUND_OK
PLX,2023,12938780810000.0,-232858460000.0,0.01799693985232600906854685330,false,BOUND_OK
PLX,2024,12938780810000.0,-232858460000.0,0.01799693985232600906854685330,false,BOUND_OK
PLX,2025,12938780810000.0,-232858460000.0,0.01799693985232600906854685330,false,BOUND_OK
PNJ,2018,1670029820000.0,-7090000.0,0.000004245433174360922489396027671,false,BOUND_OK
PNJ,2019,2252935850000.0,-2101090000.0,0.0009326008993997765182705934570,false,BOUND_OK
PNJ,2020,2276123620000.0,-3384090000.0,0.001486777770005304017714116951,false,BOUND_OK
PNJ,2021,2276123620000.0,-4908890000.0,0.002156688659994662328577742188,false,BOUND_OK
PNJ,2022,2461716200000.0,-3384090000.0,0.001374687301485037146036573997,false,BOUND_OK
PNJ,2023,3281691880000.0,-3384090000.0,0.001031202844064690192669763988,false,BOUND_OK
PNJ,2024,3380747760000.0,-3384090000.0,0.001000988609691484347829605602,false,BOUND_OK
PNJ,2025,3413186660000.0,-3384090000.0,0.0009914752215749020887126050118,false,BOUND_OK
PPC,2018,3262350000000.0,-87388368719.0,,true,BELOW_PAR_EXCLUDED
PPC,2019,3262350000000.0,-87388368719.0,,true,BELOW_PAR_EXCLUDED
PPC,2020,3262350000000.0,-87388368719.0,0.02678693847042775913068800098,false,BOUND_OK
PPC,2021,3262350000000.0,-87388368719.0,0.02678693847042775913068800098,false,BOUND_OK
PPC,2022,3262350000000.0,-87388368719.0,,true,BELOW_PAR_EXCLUDED
PPC,2023,3262350000000.0,-87388368719.0,,true,BELOW_PAR_EXCLUDED
PPC,2024,3262350000000.0,-87388368719.0,0.02678693847042775913068800098,false,BOUND_OK
PPC,2025,3262350000000.0,-87388368719.0,,true,BELOW_PAR_EXCLUDED
PTB,2019,485994410000.0,-82808934273.0,0.1703907134919514814995505813,false,BOUND_OK
PTB,2020,485994410000.0,-138564459864.0,0.2851153367463629880022694088,false,BOUND_OK
PTB,2021,485994410000.0,-131295471.0,0.0002701583975009095269223364112,false,BOUND_OK
PVD,2018,3832661600000.0,-20948559850.0,,true,BELOW_PAR_EXCLUDED
PVD,2019,4215457890000.0,-20948559850.0,,true,BELOW_PAR_EXCLUDED
PVD,2020,4215457890000.0,-20948559850.0,,true,BELOW_PAR_EXCLUDED
PVD,2021,4215457890000.0,-20948559850.0,,true,BELOW_PAR_EXCLUDED
PVD,2022,5562960060000.0,-20948559850.0,,true,BELOW_PAR_EXCLUDED
PVD,2023,5562960060000.0,-20948559850.0,0.003765721778344027873534651982,false,BOUND_OK
PVD,2024,5562960060000.0,-20948559850.0,0.003765721778344027873534651982,false,BOUND_OK
PVD,2025,5562960060000.0,-20948559850.0,,true,BELOW_PAR_EXCLUDED
QCG,2018,2751293100000.0,-1690000.0,,true,BELOW_PAR_EXCLUDED
QCG,2019,2751293100000.0,-1690000.0,,true,BELOW_PAR_EXCLUDED
QCG,2020,2751293100000.0,-1690000.0,,true,BELOW_PAR_EXCLUDED
QCG,2021,2751293100000.0,-1690000.0,,true,BELOW_PAR_EXCLUDED
QCG,2022,2751293100000.0,-1690000.0,,true,BELOW_PAR_EXCLUDED
QCG,2023,2751293100000.0,-1690000.0,,true,BELOW_PAR_EXCLUDED
QCG,2024,2751293100000.0,-1690000.0,,true,BELOW_PAR_EXCLUDED
QCG,2025,2751293100000.0,-1690000.0,,true,BELOW_PAR_EXCLUDED
REE,2018,3100588410000.0,-83026660.0,0.00002677771087972298780540174953,false,BOUND_OK
REE,2019,3100588410000.0,-83026660.0,0.00002677771087972298780540174953,false,BOUND_OK
REE,2020,3100588410000.0,-47622230162.0,0.01535909442491917203547825943,false,BOUND_OK
REE,2021,3100588410000.0,-47622230162.0,0.01535909442491917203547825943,false,BOUND_OK
REE,2022,3564104840000.0,-47622230162.0,0.01336162439093682777300120049,false,BOUND_OK
REE,2023,4097142600000.0,-47622230162.0,0.01162327866303701511389913546,false,BOUND_OK
SBT,2018,5570186730000.0,-1099985561092.0,,true,BELOW_PAR_EXCLUDED
SCR,2018,3392226750000.0,-11890000.0,,true,BELOW_PAR_EXCLUDED
SGR,2018,455399180000.0,-110000.0,0.0000002415463286517116697487246244,false,BOUND_OK
SGR,2019,455399180000.0,-110000.0,,true,BELOW_PAR_EXCLUDED
SGR,2020,600000000000.0,-110000.0,,true,BELOW_PAR_EXCLUDED
SGR,2021,600000000000.0,-110000.0,0.0000001833333333333333333333333333,false,BOUND_OK
SGR,2022,600000000000.0,-110000.0,0.0000001833333333333333333333333333,false,BOUND_OK
SGR,2023,600000000000.0,-110000.0,0.0000001833333333333333333333333333,false,BOUND_OK
SGR,2024,600000000000.0,-110000.0,0.0000001833333333333333333333333333,false,BOUND_OK
SGR,2025,698750000000.0,-110000.0,0.0000001574239713774597495527728086,false,BOUND_OK
SHI,2018,853873370000.0,-4186322972.0,,true,BELOW_PAR_EXCLUDED
SHI,2019,870881810000.0,-4186322972.0,,true,BELOW_PAR_EXCLUDED
SHI,2020,914259270000.0,-4186322972.0,,true,BELOW_PAR_EXCLUDED
SHI,2021,1005357070000.0,-4186322972.0,,true,BELOW_PAR_EXCLUDED
SHI,2022,1621764490000.0,-4186322972.0,0.002581338411226404396115492700,false,BOUND_OK
SHI,2023,1621764490000.0,-4186322972.0,0.002581338411226404396115492700,false,BOUND_OK
SHI,2024,1621764490000.0,-4186322972.0,0.002581338411226404396115492700,false,BOUND_OK
SHI,2025,1702684090000.0,-4186322972.0,0.002458661002699567128744357974,false,BOUND_OK
SJS,2018,1148555400000.0,-61161904650.0,,true,BELOW_PAR_EXCLUDED
SJS,2019,1148555400000.0,-61161904650.0,,true,BELOW_PAR_EXCLUDED
SJS,2020,1148555400000.0,-61161904650.0,,true,BELOW_PAR_EXCLUDED
SJS,2021,1148555400000.0,-61161904650.0,0.05325115762809525774725363705,false,BOUND_OK
SJS,2022,1148555400000.0,-61161904650.0,0.05325115762809525774725363705,false,BOUND_OK
SJS,2023,1148555400000.0,-61161904650.0,0.05325115762809525774725363705,false,BOUND_OK
SJS,2024,1148555400000.0,-61161904650.0,0.05325115762809525774725363705,false,BOUND_OK
SMC,2019,609946910000.0,-473500000.0,,true,BELOW_PAR_EXCLUDED
SMC,2020,609946910000.0,-717500000.0,,true,BELOW_PAR_EXCLUDED
SMC,2021,609946910000.0,-717500000.0,0.001176331887639204533391274988,false,BOUND_OK
SMC,2022,736785870000.0,-717500000.0,,true,BELOW_PAR_EXCLUDED
SMC,2023,736785870000.0,-717500000.0,,true,BELOW_PAR_EXCLUDED
SMC,2024,736785870000.0,-717500000.0,,true,BELOW_PAR_EXCLUDED
SMC,2025,736785870000.0,-717500000.0,,true,BELOW_PAR_EXCLUDED
SSI,2018,,-8733738884.0,,false,PAID_IN_CAPITAL_MISSING
SSI,2019,,-19126478284.0,,false,PAID_IN_CAPITAL_MISSING
SSI,2020,,-34661962785.0,,false,PAID_IN_CAPITAL_MISSING
SSI,2021,,-21983912738.0,,false,PAID_IN_CAPITAL_MISSING
SSI,2022,,-19115006409.0,,false,PAID_IN_CAPITAL_MISSING
SSI,2023,,-19115006409.0,,false,PAID_IN_CAPITAL_MISSING
SSI,2024,,-19115006409.0,,false,PAID_IN_CAPITAL_MISSING
SSI,2025,,-19115006409.0,,false,PAID_IN_CAPITAL_MISSING
SZL,2018,200000000000.0,-22812874949.0,0.114064374745,false,BOUND_OK
SZL,2019,200000000000.0,-22812874949.0,0.114064374745,false,BOUND_OK
SZL,2020,200000000000.0,-22812874949.0,0.114064374745,false,BOUND_OK
SZL,2021,200000000000.0,-22812874949.0,0.114064374745,false,BOUND_OK
SZL,2022,200000000000.0,-22812874949.0,0.114064374745,false,BOUND_OK
SZL,2023,291148400000.0,-22323606949.0,0.07667432467085513779227363090,false,BOUND_OK
SZL,2024,291148400000.0,-22323606949.0,0.07667432467085513779227363090,false,BOUND_OK
SZL,2025,291148400000.0,-22323606949.0,0.07667432467085513779227363090,false,BOUND_OK
TCH,2018,3629940140000.0,-219996488178.0,,true,BELOW_PAR_EXCLUDED
TCH,2019,3629940140000.0,-219996488178.0,,true,BELOW_PAR_EXCLUDED
TCH,2020,3629940140000.0,-219996488178.0,,true,BELOW_PAR_EXCLUDED
TCM,2018,542300550000.0,-5939990000.0,,true,BELOW_PAR_EXCLUDED
TCM,2019,580169180000.0,-5939990000.0,,true,BELOW_PAR_EXCLUDED
TCM,2020,620683490000.0,-5939990000.0,,true,BELOW_PAR_EXCLUDED
TCM,2021,713608080000.0,-5939990000.0,0.008323882767695119147193512719,false,BOUND_OK
TCM,2022,820471270000.0,-5939990000.0,0.007239729430135926636407390596,false,BOUND_OK
TCM,2023,926977140000.0,-5939990000.0,0.006407914223213746134020090290,false,BOUND_OK
TCM,2024,1019554820000.0,-5939990000.0,0.005826062398488783565360418776,false,BOUND_OK
TCM,2025,1121392050000.0,-5939990000.0,0.005296978875496754235059897205,false,BOUND_OK
TCO,2018,187110000000.0,-15682334790.0,,true,BELOW_PAR_EXCLUDED
TCO,2019,187110000000.0,-22095490500.0,,true,BELOW_PAR_EXCLUDED
TCO,2020,187110000000.0,-22095490500.0,,true,BELOW_PAR_EXCLUDED
TLH,2018,1021106210000.0,-8993360790.0,,true,BELOW_PAR_EXCLUDED
TLH,2019,1021106210000.0,-8993360790.0,,true,BELOW_PAR_EXCLUDED
TLH,2020,1021106210000.0,-8993360790.0,,true,BELOW_PAR_EXCLUDED
TNH,2023,958746100000.0,-700000000.0,0.0007301203102677549353264644310,false,BOUND_OK
TNH,2025,1657999430000.0,-480000000.0,0.0002895055277552176239288574424,false,BOUND_OK
TPC,2018,244305960000.0,-40632476860.0,,true,BELOW_PAR_EXCLUDED
TPC,2019,244305960000.0,-24593180860.0,,true,BELOW_PAR_EXCLUDED
TPC,2020,244305960000.0,-24593180860.0,,true,BELOW_PAR_EXCLUDED
TPC,2021,244305960000.0,-24593180860.0,,true,BELOW_PAR_EXCLUDED
TPC,2022,244305960000.0,-24593180860.0,,true,BELOW_PAR_EXCLUDED
TPC,2023,244305960000.0,-24593180860.0,,true,BELOW_PAR_EXCLUDED
TPC,2024,244305960000.0,-24593180860.0,,true,BELOW_PAR_EXCLUDED
TPC,2025,225169560000.0,-45968464919.0,,true,BELOW_PAR_EXCLUDED
TRA,2018,414536730000.0,-3593000.0,0.000008667506978211556790154638408,false,BOUND_OK
TRA,2019,414536730000.0,-3593000.0,0.000008667506978211556790154638408,false,BOUND_OK
TRA,2020,414536730000.0,-3593000.0,0.000008667506978211556790154638408,false,BOUND_OK
TRA,2021,414536730000.0,-3593000.0,0.000008667506978211556790154638408,false,BOUND_OK
TRA,2022,414536730000.0,-3593000.0,0.000008667506978211556790154638408,false,BOUND_OK
TRA,2023,414536730000.0,-3593000.0,0.000008667506978211556790154638408,false,BOUND_OK
TRA,2024,414536730000.0,-3593000.0,0.000008667506978211556790154638408,false,BOUND_OK
TRA,2025,414536730000.0,-3593000.0,0.000008667506978211556790154638408,false,BOUND_OK
TRC,2018,300000000000.0,-43777986793.0,0.1459266226433333333333333333,false,BOUND_OK
TRC,2019,300000000000.0,-43777986793.0,0.1459266226433333333333333333,false,BOUND_OK
TRC,2020,300000000000.0,-43777986793.0,0.1459266226433333333333333333,false,BOUND_OK
TRC,2021,300000000000.0,-43777986793.0,0.1459266226433333333333333333,false,BOUND_OK
TRC,2022,300000000000.0,-43777986793.0,0.1459266226433333333333333333,false,BOUND_OK
TRC,2023,300000000000.0,-43777986793.0,0.1459266226433333333333333333,false,BOUND_OK
TRC,2024,300000000000.0,-43777986793.0,0.1459266226433333333333333333,false,BOUND_OK
TTF,2018,2146078400000.0,-552965000.0,,true,BELOW_PAR_EXCLUDED
TTF,2019,3111983020000.0,-552965000.0,,true,BELOW_PAR_EXCLUDED
TTF,2020,3111983020000.0,-10510764710.0,,true,BELOW_PAR_EXCLUDED
TTF,2021,4111983020000.0,-552965000.0,,true,BELOW_PAR_EXCLUDED
TTF,2022,4111983020000.0,-552965000.0,,true,BELOW_PAR_EXCLUDED
TTF,2023,4111983020000.0,-552965000.0,,true,BELOW_PAR_EXCLUDED
TTF,2024,4111983020000.0,-552965000.0,,true,BELOW_PAR_EXCLUDED
TTF,2025,4111983020000.0,-552965000.0,,true,BELOW_PAR_EXCLUDED
TVS,2018,,-12843801118.0,,false,PAID_IN_CAPITAL_MISSING
VCG,2020,4417106730000.0,-1643647604340.0,0.3721095515253714505558257135,false,BOUND_OK
VCI,2019,,-1000592110.0,,false,PAID_IN_CAPITAL_MISSING
VFG,2018,316134610000.0,-20000000.0,0.00006326418989682907543720062792,false,BOUND_OK
VFG,2019,320888640000.0,-20000000.0,0.00006232691814830216488810573039,false,BOUND_OK
VFG,2020,320888640000.0,-20000000.0,0.00006232691814830216488810573039,false,BOUND_OK
VFG,2021,320888640000.0,-20000000.0,0.00006232691814830216488810573039,false,BOUND_OK
VFG,2022,417146140000.0,-20000000.0,0.00004794482816022221852514325076,false,BOUND_OK
VFG,2023,417146140000.0,-20000000.0,0.00004794482816022221852514325076,false,BOUND_OK
VFG,2024,417146140000.0,-20000000.0,0.00004794482816022221852514325076,false,BOUND_OK
VFG,2025,417146140000.0,-20000000.0,0.00004794482816022221852514325076,false,BOUND_OK
VGC,2018,4483500000000.0,-149876239.0,0.00003342840169510427121668339467,false,BOUND_OK
VGC,2019,4483500000000.0,-2471750.0,0.0000005512992082078733132597301216,false,BOUND_OK
VGC,2020,4483500000000.0,-2471750.0,0.0000005512992082078733132597301216,false,BOUND_OK
VGC,2021,4483500000000.0,-1713600.0,0.0000003822014051522248243559718970,false,BOUND_OK
VGC,2022,4483500000000.0,-1713600.0,0.0000003822014051522248243559718970,false,BOUND_OK
VGC,2023,4483500000000.0,-1713600.0,0.0000003822014051522248243559718970,false,BOUND_OK
VGC,2024,4483500000000.0,-1713600.0,0.0000003822014051522248243559718970,false,BOUND_OK
VGC,2025,4483500000000.0,-1713600.0,0.0000003822014051522248243559718970,false,BOUND_OK
VHC,2019,1833769560000.0,-114215880222.0,0.06228475088331164140384138561,false,BOUND_OK
VHC,2020,1833769560000.0,-114215880222.0,0.06228475088331164140384138561,false,BOUND_OK
VHC,2021,1833769560000.0,-114215880222.0,0.06228475088331164140384138561,false,BOUND_OK
VHM,2019,33495139000000.0,-5549929000000.0,0.1656935652662913266310075620,false,BOUND_OK
VHM,2020,33495139000000.0,-5549929000000.0,0.1656935652662913266310075620,false,BOUND_OK
VIC,2018,32756212000000.0,-2974924000000.0,0.09082014733571757320412995251,false,BOUND_OK
VIC,2019,34309140000000.0,-2284059000000.0,0.06657290156500570984874584440,false,BOUND_OK
VIC,2020,34447691000000.0,-2284059000000.0,0.06630514074223436340043807290,false,BOUND_OK
VIC,2021,38675533000000.0,-1344123000000.0,0.03475383261039996527003260692,false,BOUND_OK
VIC,2022,38688573000000.0,-1344123000000.0,0.03474211881632336245640282468,false,BOUND_OK
VIC,2023,38785833000000.0,-1344123000000.0,0.03465499890127408118319903043,false,BOUND_OK
VIC,2024,38785833000000.0,-1344123000000.0,0.03465499890127408118319903043,false,BOUND_OK
VIC,2025,77334919000000.0,-1344123000000.0,0.01738054448599086267873378131,false,BOUND_OK
VIP,2018,684709410000.0,-23773475216.0,,true,BELOW_PAR_EXCLUDED
VIP,2019,684709410000.0,-23773475216.0,,true,BELOW_PAR_EXCLUDED
VIP,2020,684709410000.0,-23773475216.0,,true,BELOW_PAR_EXCLUDED
VJC,2019,5416113340000.0,-2347121362620.0,0.4333589818524735673275256828,false,BOUND_OK
VJC,2020,5416113340000.0,-2347121362620.0,0.4333589818524735673275256828,false,BOUND_OK
VND,2018,,-200845543593.0,,false,PAID_IN_CAPITAL_MISSING
VND,2019,,-200847258843.0,,false,PAID_IN_CAPITAL_MISSING
VND,2020,,-201374234002.0,,false,PAID_IN_CAPITAL_MISSING
VND,2021,,-134430610.0,,false,PAID_IN_CAPITAL_MISSING
VND,2022,,-424610588.0,,false,PAID_IN_CAPITAL_MISSING
VNM,2018,17416877930000.0,-10485707360.0,0.0006020428805979465230138407475,false,BOUND_OK
VNM,2019,17416877930000.0,-11644956120.0,0.0006686018106575774800759598595,false,BOUND_OK
VNM,2020,20899554450000.0,-11644956120.0,0.0005571868121810606350031543376,false,BOUND_OK
VRE,2019,23288184000000.0,-1954258000000.0,0.08391628990908007253807338520,false,BOUND_OK
VRE,2020,23288184000000.0,-1954258000000.0,0.08391628990908007253807338520,false,BOUND_OK
VRE,2021,23288184000000.0,-1954258000000.0,0.08391628990908007253807338520,false,BOUND_OK
VRE,2022,23288184000000.0,-1954258000000.0,0.08391628990908007253807338520,false,BOUND_OK
VRE,2023,23288184000000.0,-1954258000000.0,0.08391628990908007253807338520,false,BOUND_OK
VRE,2024,23288184000000.0,-1954258000000.0,0.08391628990908007253807338520,false,BOUND_OK
VRE,2025,23288184000000.0,-1954258000000.0,0.08391628990908007253807338520,false,BOUND_OK
VTO,2018,798666660000.0,-11635553757.0,,true,BELOW_PAR_EXCLUDED
VTO,2019,798666660000.0,-11635553757.0,,true,BELOW_PAR_EXCLUDED
VTO,2020,798666660000.0,-11635553757.0,,true,BELOW_PAR_EXCLUDED
VTO,2021,798666660000.0,-11635553757.0,,true,BELOW_PAR_EXCLUDED
YEG,2019,312799680000.0,-141715291355.0,0.4530544639783518960121698334,false,BOUND_OK
API,2018,364000000000.0,-9481291820.0,,true,BELOW_PAR_EXCLUDED
API,2019,364000000000.0,-9481291820.0,,true,BELOW_PAR_EXCLUDED
API,2020,364000000000.0,-9481291820.0,,true,BELOW_PAR_EXCLUDED
BVS,2018,,-496682500.0,,false,PAID_IN_CAPITAL_MISSING
BVS,2019,,-496682500.0,,false,PAID_IN_CAPITAL_MISSING
BVS,2020,,-496682500.0,,false,PAID_IN_CAPITAL_MISSING
BVS,2021,,-496682500.0,,false,PAID_IN_CAPITAL_MISSING
BVS,2022,,-496682500.0,,false,PAID_IN_CAPITAL_MISSING
BVS,2023,,-496682500.0,,false,PAID_IN_CAPITAL_MISSING
BVS,2024,,-496682500.0,,false,PAID_IN_CAPITAL_MISSING
BVS,2025,,-496682500.0,,false,PAID_IN_CAPITAL_MISSING
DST,2018,323000000000.0,-437449533.0,,true,BELOW_PAR_EXCLUDED
DST,2019,323000000000.0,-437449533.0,,true,BELOW_PAR_EXCLUDED
DST,2020,323000000000.0,-437449533.0,,true,BELOW_PAR_EXCLUDED
DST,2021,323000000000.0,-437449533.0,,true,BELOW_PAR_EXCLUDED
DST,2022,323000000000.0,-437449533.0,,true,BELOW_PAR_EXCLUDED
DST,2023,323000000000.0,-437449533.0,,true,BELOW_PAR_EXCLUDED
DST,2024,323000000000.0,-437449533.0,,true,BELOW_PAR_EXCLUDED
DST,2025,323000000000.0,-437449533.0,,true,BELOW_PAR_EXCLUDED
IDC,2020,3000000000000.0,-25500.0,,true,BELOW_PAR_EXCLUDED
IDC,2021,3000000000000.0,-25500.0,0.0000000085,false,BOUND_OK
IPA,2018,890982480000.0,-35861096800.0,,true,BELOW_PAR_EXCLUDED
IPA,2019,890982480000.0,-35861096800.0,,true,BELOW_PAR_EXCLUDED
IPA,2020,890982480000.0,-35861096800.0,,true,BELOW_PAR_EXCLUDED
IPA,2023,2138357750000.0,-23031799000.0,0.01077078847073180341315666193,false,BOUND_OK
L14,2018,149991800000.0,-2000000.0,0.00001333406226207032651118261132,false,BOUND_OK
L14,2019,184819300000.0,-2000000.0,0.00001082138066749522371310788430,false,BOUND_OK
L14,2020,243955670000.0,-2000000.0,0.000008198210765095150278737116461,false,BOUND_OK
L14,2021,268348410000.0,-2000000.0,0.000007452997392457067288008153281,false,BOUND_OK
L14,2022,308595150000.0,-2000000.0,0.000006480983255893684654473668818,false,BOUND_OK
L14,2023,308595150000.0,-2000000.0,0.000006480983255893684654473668818,false,BOUND_OK
L14,2025,308595150000.0,-2000000.0,0.000006480983255893684654473668818,false,BOUND_OK
L40,2018,36000000000.0,-460000000.0,,false,PRICES_MISSING
L40,2019,36000000000.0,-460000000.0,,false,PRICES_MISSING
L40,2020,36000000000.0,-460000000.0,,false,PRICES_MISSING
L40,2021,36000000000.0,-460000000.0,,true,BELOW_PAR_EXCLUDED
L40,2022,36000000000.0,-460000000.0,,true,BELOW_PAR_EXCLUDED
L40,2023,36000000000.0,-460000000.0,,true,BELOW_PAR_EXCLUDED
LBE,2018,11000000000.0,-97722290.0,,true,BELOW_PAR_EXCLUDED
LBE,2019,11000000000.0,-97722290.0,,true,BELOW_PAR_EXCLUDED
LBE,2020,11000000000.0,-97722290.0,,true,BELOW_PAR_EXCLUDED
LBE,2021,11000000000.0,-97722290.0,,true,BELOW_PAR_EXCLUDED
LDP,2018,78299580000.0,-320000.0,0.000004086867388049846499815196965,false,BOUND_OK
LDP,2019,78299580000.0,-320000.0,0.000004086867388049846499815196965,false,BOUND_OK
LDP,2020,127031670000.0,-320000.0,0.000002519056861962060327160935537,false,BOUND_OK
LDP,2021,127031670000.0,-320000.0,,true,BELOW_PAR_EXCLUDED
LDP,2022,127031670000.0,-320000.0,,true,BELOW_PAR_EXCLUDED
LDP,2023,127031670000.0,-320000.0,,true,BELOW_PAR_EXCLUDED
LDP,2024,127031670000.0,-320000.0,,true,BELOW_PAR_EXCLUDED
LDP,2025,187281670000.0,-320000.0,,true,BELOW_PAR_EXCLUDED
MBS,2018,,-104614700.0,,false,PAID_IN_CAPITAL_MISSING
MBS,2019,,-113621200.0,,false,PAID_IN_CAPITAL_MISSING
MBS,2020,,-129443300.0,,false,PAID_IN_CAPITAL_MISSING
MBS,2021,,-662106800.0,,false,PAID_IN_CAPITAL_MISSING
MBS,2022,,-753511600.0,,false,PAID_IN_CAPITAL_MISSING
MBS,2023,,-753511600.0,,false,PAID_IN_CAPITAL_MISSING
MBS,2024,,-743610327.0,,false,PAID_IN_CAPITAL_MISSING
MBS,2025,,-743610327.0,,false,PAID_IN_CAPITAL_MISSING
NDN,2018,479323980000.0,-39015220100.0,,true,BELOW_PAR_EXCLUDED
PLC,2018,807988390000.0,-12730000.0,0.00001575517687822222297030777880,false,BOUND_OK
PLC,2019,807988390000.0,-12730000.0,,true,BELOW_PAR_EXCLUDED
PLC,2020,807988390000.0,-12730000.0,,true,BELOW_PAR_EXCLUDED
PLC,2021,807988390000.0,-12730000.0,0.00001575517687822222297030777880,false,BOUND_OK
PLC,2022,807988390000.0,-12730000.0,0.00001575517687822222297030777880,false,BOUND_OK
PLC,2023,807988390000.0,-12730000.0,0.00001575517687822222297030777880,false,BOUND_OK
PLC,2024,807988390000.0,-12730000.0,0.00001575517687822222297030777880,false,BOUND_OK
PLC,2025,807988390000.0,-12730000.0,0.00001575517687822222297030777880,false,BOUND_OK
PSD,2018,255793160000.0,-1170000000.0,,true,BELOW_PAR_EXCLUDED
PSD,2019,306826230000.0,-1170000000.0,,true,BELOW_PAR_EXCLUDED
PSD,2020,306826230000.0,-4551274315.0,,true,BELOW_PAR_EXCLUDED
PSD,2021,306826230000.0,-4551274315.0,,true,BELOW_PAR_EXCLUDED
PVC,2019,500000000000.0,-18527363520.0,,true,BELOW_PAR_EXCLUDED
PVC,2020,500000000000.0,-18536548520.0,,true,BELOW_PAR_EXCLUDED
PVC,2021,500000000000.0,-18544782020.0,,true,BELOW_PAR_EXCLUDED
TVC,2018,400241070000.0,-75000000.0,,true,BELOW_PAR_EXCLUDED
TVC,2019,400241070000.0,-75000000.0,,true,BELOW_PAR_EXCLUDED
TVC,2020,460534250000.0,-75000000.0,,true,BELOW_PAR_EXCLUDED
TVC,2024,1186106700000.0,-56115046965.0,,true,BELOW_PAR_EXCLUDED
TVC,2025,961555700000.0,-20670798500.0,,true,BELOW_PAR_EXCLUDED
UNI,2018,156176320000.0,-2233060000.0,,true,BELOW_PAR_EXCLUDED
UNI,2019,156176320000.0,-2233060000.0,,true,BELOW_PAR_EXCLUDED
UNI,2020,156176320000.0,-2233060000.0,,true,BELOW_PAR_EXCLUDED
VC7,2018,219996540000.0,-3141000.0,,true,BELOW_PAR_EXCLUDED
VC7,2019,228793460000.0,-3141000.0,,true,BELOW_PAR_EXCLUDED
VC7,2020,240229530000.0,-3141000.0,,true,BELOW_PAR_EXCLUDED
VC7,2021,480455920000.0,-3141000.0,,true,BELOW_PAR_EXCLUDED
VC7,2022,480455920000.0,-3141000.0,,true,BELOW_PAR_EXCLUDED
VC7,2023,960908700000.0,-3141000.0,,true,BELOW_PAR_EXCLUDED
VC7,2024,960908700000.0,-3141000.0,,true,BELOW_PAR_EXCLUDED
VC7,2025,960908700000.0,-3141000.0,,true,BELOW_PAR_EXCLUDED
VCS,2018,1600000000000.0,-240431166590.0,0.15026947911875,false,BOUND_OK
VCS,2020,1600000000000.0,-293331372873.0,0.183332108045625,false,BOUND_OK
VHE,2020,158400000000.0,-40000.0,,true,BELOW_PAR_EXCLUDED
VHE,2021,316400000000.0,-40000.0,,true,BELOW_PAR_EXCLUDED
VHE,2022,331400000000.0,-40000.0,,true,BELOW_PAR_EXCLUDED
VHE,2023,331400000000.0,-40000.0,,true,BELOW_PAR_EXCLUDED
VHE,2024,331400000000.0,-40000.0,,true,BELOW_PAR_EXCLUDED
VHE,2025,331400000000.0,-40000.0,,true,BELOW_PAR_EXCLUDED
VIT,2018,195000000000.0,-3360000.0,,true,BELOW_PAR_EXCLUDED
VIT,2019,195000000000.0,-3360000.0,,true,BELOW_PAR_EXCLUDED
VIT,2020,195000000000.0,-3360000.0,,true,BELOW_PAR_EXCLUDED
VIT,2021,500000000000.0,-3360000.0,,true,BELOW_PAR_EXCLUDED
VIT,2022,500000000000.0,-3360000.0,0.00000672,false,BOUND_OK
VIT,2023,500000000000.0,-3360000.0,0.00000672,false,BOUND_OK
VIT,2024,500000000000.0,-3360000.0,0.00000672,false,BOUND_OK
VIT,2025,500000000000.0,-3360000.0,0.00000672,false,BOUND_OK
ACV,2019,21771732360000.0,-2285950000.0,0.0001049962383425146973467572059,false,BOUND_OK
ACV,2020,21771732360000.0,-2918680000.0,0.0001340582343994972754662321230,false,BOUND_OK
ACV,2021,21771732360000.0,-2918680000.0,0.0001340582343994972754662321230,false,BOUND_OK
ACV,2022,21771732360000.0,-2918680000.0,0.0001340582343994972754662321230,false,BOUND_OK
ACV,2023,21771732360000.0,-2918680000.0,0.0001340582343994972754662321230,false,BOUND_OK
ACV,2024,21771732360000.0,-2918680000.0,0.0001340582343994972754662321230,false,BOUND_OK
ACV,2025,35828475230000.0,-6857850000.0,0.0001914078105745835838071750395,false,BOUND_OK
BDT,2018,386000000000.0,-46460000.0,,true,BELOW_PAR_EXCLUDED
BDT,2019,386000000000.0,-46460000.0,,true,BELOW_PAR_EXCLUDED
BDT,2020,386000000000.0,-46460000.0,,true,BELOW_PAR_EXCLUDED
BDT,2021,386000000000.0,-46460000.0,0.0001203626943005181347150259067,false,BOUND_OK
BDT,2022,386000000000.0,-46460000.0,0.0001203626943005181347150259067,false,BOUND_OK
BDT,2023,386000000000.0,-46460000.0,0.0001203626943005181347150259067,false,BOUND_OK
BDT,2024,386000000000.0,-46460000.0,,true,BELOW_PAR_EXCLUDED
BDT,2025,386000000000.0,-46460000.0,,true,BELOW_PAR_EXCLUDED
DAG,2018,517950850000.0,-12930000.0,,true,BELOW_PAR_EXCLUDED
DAG,2019,517950850000.0,-12930000.0,,true,BELOW_PAR_EXCLUDED
DAG,2020,517950850000.0,-12930000.0,,true,BELOW_PAR_EXCLUDED
DAG,2021,595641120000.0,-19840000.0,,true,BELOW_PAR_EXCLUDED
DAG,2022,595641120000.0,-19840000.0,,true,BELOW_PAR_EXCLUDED
DAG,2023,603141120000.0,-19840000.0,,true,BELOW_PAR_EXCLUDED
FOC,2018,147873360000.0,-451410000.0,0.003052679671307935384710268300,false,BOUND_OK
FOC,2019,147873360000.0,-721035000.0,0.004876030408722707051493250711,false,BOUND_OK
FOC,2020,184712750000.0,-721035000.0,0.003903547535294666989690749556,false,BOUND_OK
FOC,2021,184712750000.0,-721035000.0,0.003903547535294666989690749556,false,BOUND_OK
FOC,2022,184712750000.0,-721035000.0,0.003903547535294666989690749556,false,BOUND_OK
FOC,2023,184712750000.0,-721035000.0,0.003903547535294666989690749556,false,BOUND_OK
FOC,2024,184712750000.0,-721035000.0,0.003903547535294666989690749556,false,BOUND_OK
FOC,2025,184712750000.0,-721035000.0,0.003903547535294666989690749556,false,BOUND_OK
FOX,2018,2261597240000.0,-300150000.0,0.0001327159384046648376702122258,false,BOUND_OK
FOX,2019,2487724840000.0,-300150000.0,0.0001206524110600591985084652690,false,BOUND_OK
FOX,2020,2736464610000.0,-300150000.0,0.0001096853213095271858823710496,false,BOUND_OK
FOX,2021,3283695530000.0,-300150000.0,0.00009140616030256617610342210991,false,BOUND_OK
ITA,2018,9384636070000.0,-3673910000.0,,true,BELOW_PAR_EXCLUDED
ITA,2019,9384636070000.0,-3673910000.0,,true,BELOW_PAR_EXCLUDED
ITA,2020,9384636070000.0,-3673910000.0,,true,BELOW_PAR_EXCLUDED
ITA,2021,9384636070000.0,-3673910000.0,,true,BELOW_PAR_EXCLUDED
ITA,2022,9384636070000.0,-3673910000.0,,true,BELOW_PAR_EXCLUDED
ITA,2023,9384636070000.0,-3673910000.0,,true,BELOW_PAR_EXCLUDED
ITA,2024,9384636070000.0,-3673910000.0,,true,BELOW_PAR_EXCLUDED
ITA,2025,9384636070000.0,-3673910000.0,,false,PRICES_MISSING
POM,2018,2433449520000.0,-31347567000.0,,true,BELOW_PAR_EXCLUDED
POM,2019,2433449520000.0,-31347567000.0,,true,BELOW_PAR_EXCLUDED
POM,2020,2796763360000.0,-31347567000.0,,true,BELOW_PAR_EXCLUDED
POM,2021,2796763360000.0,-31347567000.0,0.01120851604692075199383332882,false,BOUND_OK
POM,2022,2796763360000.0,-31347567000.0,,true,BELOW_PAR_EXCLUDED
POM,2023,2796763360000.0,-31347567000.0,,true,BELOW_PAR_EXCLUDED
POM,2024,2796763360000.0,-31347567000.0,,true,BELOW_PAR_EXCLUDED
POM,2025,2796763360000.0,-31347567000.0,,true,BELOW_PAR_EXCLUDED
PSH,2020,1261967800000.0,-793193000.0,0.0006285366393659172603294632399,false,BOUND_OK
PSH,2021,1261967800000.0,-793193000.0,0.0006285366393659172603294632399,false,BOUND_OK
PSH,2022,1261967800000.0,-461569400.0,,true,BELOW_PAR_EXCLUDED
PSH,2023,1261967800000.0,-461569400.0,,true,BELOW_PAR_EXCLUDED
PSH,2024,1261967800000.0,-461569400.0,,true,BELOW_PAR_EXCLUDED
PSH,2025,1261967800000.0,-461569400.0,,true,BELOW_PAR_EXCLUDED
PVX,2018,4000000000000.0,-2862805993.0,,true,BELOW_PAR_EXCLUDED
PVX,2019,4000000000000.0,-2862805993.0,,true,BELOW_PAR_EXCLUDED
PVX,2020,4000000000000.0,-2862805993.0,,true,BELOW_PAR_EXCLUDED
PVX,2021,4000000000000.0,-29720195.0,,true,BELOW_PAR_EXCLUDED
PVX,2022,4000000000000.0,-29720195.0,,true,BELOW_PAR_EXCLUDED
PVX,2023,4000000000000.0,-29720195.0,,true,BELOW_PAR_EXCLUDED
PVX,2024,4000000000000.0,-29720195.0,,true,BELOW_PAR_EXCLUDED
PVX,2025,4000000000000.0,-29720195.0,,true,BELOW_PAR_EXCLUDED
QNS,2018,2925746090000.0,-834457318216.0,,true,BELOW_PAR_EXCLUDED
QNS,2019,3569399550000.0,-834457318216.0,0.2337808660888075698894510142,false,BOUND_OK
QNS,2020,3569399550000.0,-834457318216.0,0.2337808660888075698894510142,false,BOUND_OK
QNS,2021,3569399550000.0,-834457318216.0,0.2337808660888075698894510142,false,BOUND_OK
QNS,2022,3569399550000.0,-834457318216.0,0.2337808660888075698894510142,false,BOUND_OK
QNS,2023,3569399550000.0,-834457318216.0,0.2337808660888075698894510142,false,BOUND_OK
QNS,2024,3676481530000.0,-834457318216.0,0.2269717150506125349689979267,false,BOUND_OK
QNS,2025,3676481530000.0,-834457318216.0,0.2269717150506125349689979267,false,BOUND_OK
SAS,2019,1334813100000.0,-341040000.0,0.0002554964436594156889829744704,false,BOUND_OK
SAS,2020,1334813100000.0,-341040000.0,0.0002554964436594156889829744704,false,BOUND_OK
SAS,2021,1334813100000.0,-341040000.0,0.0002554964436594156889829744704,false,BOUND_OK
SAS,2022,1334813100000.0,-341040000.0,0.0002554964436594156889829744704,false,BOUND_OK
SAS,2023,1334813100000.0,-341040000.0,0.0002554964436594156889829744704,false,BOUND_OK
SAS,2024,1334813100000.0,-341040000.0,0.0002554964436594156889829744704,false,BOUND_OK
SAS,2025,1334813100000.0,-341040000.0,0.0002554964436594156889829744704,false,BOUND_OK
TNA,2018,301272960000.0,-11978525300.0,,true,BELOW_PAR_EXCLUDED
TNA,2019,345940600000.0,-11978525300.0,,true,BELOW_PAR_EXCLUDED
TNA,2020,397308840000.0,-11978525300.0,,true,BELOW_PAR_EXCLUDED
TNA,2021,495762640000.0,-11978525300.0,,true,BELOW_PAR_EXCLUDED
TNA,2022,495762640000.0,-11978525300.0,,true,BELOW_PAR_EXCLUDED
TNA,2023,495762640000.0,-11978525300.0,,true,BELOW_PAR_EXCLUDED
TNA,2024,495762640000.0,-11978525300.0,,true,BELOW_PAR_EXCLUDED
TNA,2025,495762640000.0,-11978525300.0,,false,PRICES_MISSING
VLB,2018,470000000000.0,-1833120000.0,0.003900255319148936170212765957,false,BOUND_OK
VLB,2019,470000000000.0,-2994894000.0,0.006372114893617021276595744681,false,BOUND_OK
VLB,2020,470000000000.0,-3437784000.0,0.007314434042553191489361702128,false,BOUND_OK
VLB,2021,470000000000.0,-3872124000.0,0.008238561702127659574468085106,false,BOUND_OK
VLB,2022,470000000000.0,-4265424000.0,0.009075370212765957446808510638,false,BOUND_OK
VLB,2023,469216000000.0,-3437784000.0,0.007326655527518243197162927095,false,BOUND_OK
VLB,2024,469216000000.0,-3437784000.0,0.007326655527518243197162927095,false,BOUND_OK
VLB,2025,469216000000.0,-3437784000.0,0.007326655527518243197162927095,false,BOUND_OK
VNZ,2018,345362570000.0,-2006645483168.0,,false,PRICES_MISSING
VNZ,2019,353022930000.0,-1943352107086.0,,false,PRICES_MISSING
VNZ,2020,353022930000.0,-1943352107086.0,,false,PRICES_MISSING
VNZ,2021,358442620000.0,-1943352107086.0,,false,PRICES_MISSING
VNZ,2022,358442620000.0,-1264419931578.0,,false,PRICES_MISSING
VTR,2018,126416330000.0,-3487459300.0,,false,PRICES_MISSING
VTR,2019,126416330000.0,-5041982400.0,0.03988394853734481929668421793,false,BOUND_OK
VTR,2020,172948330000.0,-6180498800.0,0.03573609990914627507533608448,false,BOUND_OK
VTR,2021,172948330000.0,-6860283300.0,0.03966666402618631819110366663,false,BOUND_OK
VTR,2022,172948330000.0,-6860283300.0,0.03966666402618631819110366663,false,BOUND_OK
VTR,2023,292948330000.0,-6860283300.0,0.02341806590943870545362043880,false,BOUND_OK
VTR,2024,292390900000.0,-6180498800.0,0.02113779464408776059720052847,false,BOUND_OK
VTR,2025,664944100000.0,-6180498800.0,0.009294764477194398747202960369,false,BOUND_OK
