ticker,status,effective_date,lifted_date,source_url,published_date,recorded_at,note
TNC,WARNING,2026-07-27,,https://www.hsx.vn/vi/theo-doi-dac-biet,,2026-07-31,HOSE tab CK Thuoc Dien Bi Canh Bao; ngay hieu luc lay tu cot NGAY HIEU LUC
HVN,WARNING,2026-07-14,,https://www.hsx.vn/vi/theo-doi-dac-biet,,2026-07-31,HOSE tab CK Thuoc Dien Bi Canh Bao; ngay hieu luc lay tu cot NGAY HIEU LUC
DRH,WARNING,2026-07-13,,https://www.hsx.vn/vi/theo-doi-dac-biet,,2026-07-31,HOSE tab CK Thuoc Dien Bi Canh Bao; ngay hieu luc lay tu cot NGAY HIEU LUC
DGC,WARNING,2026-07-09,,https://www.hsx.vn/vi/theo-doi-dac-biet,,2026-07-31,HOSE tab CK Thuoc Dien Bi Canh Bao; ngay hieu luc lay tu cot NGAY HIEU LUC
DGC,WARNING,2026-06-30,,https://www.hsx.vn/vi/theo-doi-dac-biet,,2026-07-31,HOSE tab CK Thuoc Dien Bi Canh Bao; ngay hieu luc lay tu cot NGAY HIEU LUC
VCA,WARNING,2026-06-05,,https://www.hsx.vn/vi/theo-doi-dac-biet,,2026-07-31,HOSE tab CK Thuoc Dien Bi Canh Bao; ngay hieu luc lay tu cot NGAY HIEU LUC
PTL,WARNING,2026-05-05,,https://www.hsx.vn/vi/theo-doi-dac-biet,,2026-07-31,HOSE tab CK Thuoc Dien Bi Canh Bao; ngay hieu luc lay tu cot NGAY HIEU LUC
DTA,WARNING,2026-04-24,,https://www.hsx.vn/vi/theo-doi-dac-biet,,2026-07-31,HOSE tab CK Thuoc Dien Bi Canh Bao; ngay hieu luc lay tu cot NGAY HIEU LUC
VMD,WARNING,2026-04-24,,https://www.hsx.vn/vi/theo-doi-dac-biet,,2026-07-31,HOSE tab CK Thuoc Dien Bi Canh Bao; ngay hieu luc lay tu cot NGAY HIEU LUC
VMD,WARNING,2026-04-24,,https://www.hsx.vn/vi/theo-doi-dac-biet,,2026-07-31,HOSE tab CK Thuoc Dien Bi Canh Bao; ngay hieu luc lay tu cot NGAY HIEU LUC
PTL,WARNING,2026-04-23,,https://www.hsx.vn/vi/theo-doi-dac-biet,,2026-07-31,HOSE tab CK Thuoc Dien Bi Canh Bao; ngay hieu luc lay tu cot NGAY HIEU LUC
LDG,WARNING,2026-04-20,,https://www.hsx.vn/vi/theo-doi-dac-biet,,2026-07-31,HOSE tab CK Thuoc Dien Bi Canh Bao; ngay hieu luc lay tu cot NGAY HIEU LUC
VCA,WARNING,2026-04-14,,https://www.hsx.vn/vi/theo-doi-dac-biet,,2026-07-31,HOSE tab CK Thuoc Dien Bi Canh Bao; ngay hieu luc lay tu cot NGAY HIEU LUC
VCA,WARNING,2026-04-14,,https://www.hsx.vn/vi/theo-doi-dac-biet,,2026-07-31,HOSE tab CK Thuoc Dien Bi Canh Bao; ngay hieu luc lay tu cot NGAY HIEU LUC
VPG,WARNING,2026-04-14,,https://www.hsx.vn/vi/theo-doi-dac-biet,,2026-07-31,HOSE tab CK Thuoc Dien Bi Canh Bao; ngay hieu luc lay tu cot NGAY HIEU LUC
VPG,WARNING,2026-04-14,,https://www.hsx.vn/vi/theo-doi-dac-biet,,2026-07-31,HOSE tab CK Thuoc Dien Bi Canh Bao; ngay hieu luc lay tu cot NGAY HIEU LUC
ABS,WARNING,2026-04-10,,https://www.hsx.vn/vi/theo-doi-dac-biet,,2026-07-31,HOSE tab CK Thuoc Dien Bi Canh Bao; ngay hieu luc lay tu cot NGAY HIEU LUC
BMI,WARNING,2026-04-10,,https://www.hsx.vn/vi/theo-doi-dac-biet,,2026-07-31,HOSE tab CK Thuoc Dien Bi Canh Bao; ngay hieu luc lay tu cot NGAY HIEU LUC
APG,WARNING,2026-04-09,,https://www.hsx.vn/vi/theo-doi-dac-biet,,2026-07-31,HOSE tab CK Thuoc Dien Bi Canh Bao; ngay hieu luc lay tu cot NGAY HIEU LUC
YBM,WARNING,2026-04-09,,https://www.hsx.vn/vi/theo-doi-dac-biet,,2026-07-31,HOSE tab CK Thuoc Dien Bi Canh Bao; ngay hieu luc lay tu cot NGAY HIEU LUC
HID,WARNING,2026-04-08,,https://www.hsx.vn/vi/theo-doi-dac-biet,,2026-07-31,HOSE tab CK Thuoc Dien Bi Canh Bao; ngay hieu luc lay tu cot NGAY HIEU LUC
HID,WARNING,2026-04-08,,https://www.hsx.vn/vi/theo-doi-dac-biet,,2026-07-31,HOSE tab CK Thuoc Dien Bi Canh Bao; ngay hieu luc lay tu cot NGAY HIEU LUC
TSC,WARNING,2026-04-07,,https://www.hsx.vn/vi/theo-doi-dac-biet,,2026-07-31,HOSE tab CK Thuoc Dien Bi Canh Bao; ngay hieu luc lay tu cot NGAY HIEU LUC
CIG,WARNING,2026-04-02,,https://www.hsx.vn/vi/theo-doi-dac-biet,,2026-07-31,HOSE tab CK Thuoc Dien Bi Canh Bao; ngay hieu luc lay tu cot NGAY HIEU LUC
CMX,WARNING,2026-04-02,,https://www.hsx.vn/vi/theo-doi-dac-biet,,2026-07-31,HOSE tab CK Thuoc Dien Bi Canh Bao; ngay hieu luc lay tu cot NGAY HIEU LUC
DLG,WARNING,2026-04-02,,https://www.hsx.vn/vi/theo-doi-dac-biet,,2026-07-31,HOSE tab CK Thuoc Dien Bi Canh Bao; ngay hieu luc lay tu cot NGAY HIEU LUC
TCR,WARNING,2026-04-01,,https://www.hsx.vn/vi/theo-doi-dac-biet,,2026-07-31,HOSE tab CK Thuoc Dien Bi Canh Bao; ngay hieu luc lay tu cot NGAY HIEU LUC
JVC,WARNING,2026-03-25,,https://www.hsx.vn/vi/theo-doi-dac-biet,,2026-07-31,HOSE tab CK Thuoc Dien Bi Canh Bao; ngay hieu luc lay tu cot NGAY HIEU LUC
DRH,WARNING,2025-09-09,,https://www.hsx.vn/vi/theo-doi-dac-biet,,2026-07-31,HOSE tab CK Thuoc Dien Bi Canh Bao; ngay hieu luc lay tu cot NGAY HIEU LUC
DQC,WARNING,2025-09-08,,https://www.hsx.vn/vi/theo-doi-dac-biet,,2026-07-31,HOSE tab CK Thuoc Dien Bi Canh Bao; ngay hieu luc lay tu cot NGAY HIEU LUC
TDH,WARNING,2025-09-08,,https://www.hsx.vn/vi/theo-doi-dac-biet,,2026-07-31,HOSE tab CK Thuoc Dien Bi Canh Bao; ngay hieu luc lay tu cot NGAY HIEU LUC
ASP,WARNING,2025-09-05,,https://www.hsx.vn/vi/theo-doi-dac-biet,,2026-07-31,HOSE tab CK Thuoc Dien Bi Canh Bao; ngay hieu luc lay tu cot NGAY HIEU LUC
TTF,WARNING,2025-09-05,,https://www.hsx.vn/vi/theo-doi-dac-biet,,2026-07-31,HOSE tab CK Thuoc Dien Bi Canh Bao; ngay hieu luc lay tu cot NGAY HIEU LUC
APH,WARNING,2025-09-04,,https://www.hsx.vn/vi/theo-doi-dac-biet,,2026-07-31,HOSE tab CK Thuoc Dien Bi Canh Bao; ngay hieu luc lay tu cot NGAY HIEU LUC
NVT,WARNING,2025-09-04,,https://www.hsx.vn/vi/theo-doi-dac-biet,,2026-07-31,HOSE tab CK Thuoc Dien Bi Canh Bao; ngay hieu luc lay tu cot NGAY HIEU LUC
PMG,WARNING,2025-09-04,,https://www.hsx.vn/vi/theo-doi-dac-biet,,2026-07-31,HOSE tab CK Thuoc Dien Bi Canh Bao; ngay hieu luc lay tu cot NGAY HIEU LUC
PTL,WARNING,2025-09-04,,https://www.hsx.vn/vi/theo-doi-dac-biet,,2026-07-31,HOSE tab CK Thuoc Dien Bi Canh Bao; ngay hieu luc lay tu cot NGAY HIEU LUC
TLH,WARNING,2025-08-29,,https://www.hsx.vn/vi/theo-doi-dac-biet,,2026-07-31,HOSE tab CK Thuoc Dien Bi Canh Bao; ngay hieu luc lay tu cot NGAY HIEU LUC
DXV,WARNING,2025-08-01,,https://www.hsx.vn/vi/theo-doi-dac-biet,,2026-07-31,HOSE tab CK Thuoc Dien Bi Canh Bao; ngay hieu luc lay tu cot NGAY HIEU LUC
HAS,WARNING,2025-04-11,,https://www.hsx.vn/vi/theo-doi-dac-biet,,2026-07-31,HOSE tab CK Thuoc Dien Bi Canh Bao; ngay hieu luc lay tu cot NGAY HIEU LUC
TMT,WARNING,2025-04-11,,https://www.hsx.vn/vi/theo-doi-dac-biet,,2026-07-31,HOSE tab CK Thuoc Dien Bi Canh Bao; ngay hieu luc lay tu cot NGAY HIEU LUC
DTL,WARNING,2025-04-09,,https://www.hsx.vn/vi/theo-doi-dac-biet,,2026-07-31,HOSE tab CK Thuoc Dien Bi Canh Bao; ngay hieu luc lay tu cot NGAY HIEU LUC
SVD,WARNING,2025-04-09,,https://www.hsx.vn/vi/theo-doi-dac-biet,,2026-07-31,HOSE tab CK Thuoc Dien Bi Canh Bao; ngay hieu luc lay tu cot NGAY HIEU LUC
OGC,WARNING,2022-06-28,,https://www.hsx.vn/vi/theo-doi-dac-biet,,2026-07-31,HOSE tab CK Thuoc Dien Bi Canh Bao; ngay hieu luc lay tu cot NGAY HIEU LUC
SBV,CONTROL,2026-04-24,,https://www.hsx.vn/vi/theo-doi-dac-biet,,2026-07-31,HOSE tab CK Thuoc Dien Bi Kiem Soat; ngay hieu luc lay tu cot NGAY HIEU LUC
HAS,CONTROL,2026-04-13,,https://www.hsx.vn/vi/theo-doi-dac-biet,,2026-07-31,HOSE tab CK Thuoc Dien Bi Kiem Soat; ngay hieu luc lay tu cot NGAY HIEU LUC
ABS,CONTROL,2026-04-10,,https://www.hsx.vn/vi/theo-doi-dac-biet,,2026-07-31,HOSE tab CK Thuoc Dien Bi Kiem Soat; ngay hieu luc lay tu cot NGAY HIEU LUC
SBV,CONTROL,2026-04-10,,https://www.hsx.vn/vi/theo-doi-dac-biet,,2026-07-31,HOSE tab CK Thuoc Dien Bi Kiem Soat; ngay hieu luc lay tu cot NGAY HIEU LUC
DQC,CONTROL,2026-04-08,,https://www.hsx.vn/vi/theo-doi-dac-biet,,2026-07-31,HOSE tab CK Thuoc Dien Bi Kiem Soat; ngay hieu luc lay tu cot NGAY HIEU LUC
DRH,CONTROL,2025-09-09,,https://www.hsx.vn/vi/theo-doi-dac-biet,,2026-07-31,HOSE tab CK Thuoc Dien Bi Kiem Soat; ngay hieu luc lay tu cot NGAY HIEU LUC
DRH,CONTROL,2025-09-09,,https://www.hsx.vn/vi/theo-doi-dac-biet,,2026-07-31,HOSE tab CK Thuoc Dien Bi Kiem Soat; ngay hieu luc lay tu cot NGAY HIEU LUC
DQC,CONTROL,2025-09-08,,https://www.hsx.vn/vi/theo-doi-dac-biet,,2026-07-31,HOSE tab CK Thuoc Dien Bi Kiem Soat; ngay hieu luc lay tu cot NGAY HIEU LUC
TDH,CONTROL,2025-04-01,,https://www.hsx.vn/vi/theo-doi-dac-biet,,2026-07-31,HOSE tab CK Thuoc Dien Bi Kiem Soat; ngay hieu luc lay tu cot NGAY HIEU LUC
API,CONTROL,2025-04-09,,https://www.hnx.vn/vi-vn/co-phieu-etfs/chung-khoan-ny-thong-tin.html,2025-04-09,2026-07-31,"HNX bang Thong tin hoat dong giam sat thi truong; effective_date = NGAY DANG TIN, KHONG phai ngay hieu luc"
GKM,WARNING,2025-04-15,,https://www.hnx.vn/vi-vn/co-phieu-etfs/chung-khoan-ny-thong-tin.html,2025-04-15,2026-07-31,"HNX bang Thong tin hoat dong giam sat thi truong; effective_date = NGAY DANG TIN, KHONG phai ngay hieu luc"
GKM,CONTROL,2025-09-19,,https://www.hnx.vn/vi-vn/co-phieu-etfs/chung-khoan-ny-thong-tin.html,2025-09-19,2026-07-31,"HNX bang Thong tin hoat dong giam sat thi truong; effective_date = NGAY DANG TIN, KHONG phai ngay hieu luc"
IDJ,CONTROL,2025-04-08,,https://www.hnx.vn/vi-vn/co-phieu-etfs/chung-khoan-ny-thong-tin.html,2025-04-08,2026-07-31,"HNX bang Thong tin hoat dong giam sat thi truong; effective_date = NGAY DANG TIN, KHONG phai ngay hieu luc"
LDP,WARNING,2023-03-20,,https://www.hnx.vn/vi-vn/co-phieu-etfs/chung-khoan-ny-thong-tin.html,2023-03-20,2026-07-31,"HNX bang Thong tin hoat dong giam sat thi truong; effective_date = NGAY DANG TIN, KHONG phai ngay hieu luc"
LDP,CONTROL,2026-04-10,,https://www.hnx.vn/vi-vn/co-phieu-etfs/chung-khoan-ny-thong-tin.html,2026-04-10,2026-07-31,"HNX bang Thong tin hoat dong giam sat thi truong; effective_date = NGAY DANG TIN, KHONG phai ngay hieu luc"
OCH,WARNING,2022-06-22,,https://www.hnx.vn/vi-vn/co-phieu-etfs/chung-khoan-ny-thong-tin.html,2022-06-22,2026-07-31,"HNX bang Thong tin hoat dong giam sat thi truong; effective_date = NGAY DANG TIN, KHONG phai ngay hieu luc"
SRA,CONTROL,2025-04-04,,https://www.hnx.vn/vi-vn/co-phieu-etfs/chung-khoan-ny-thong-tin.html,2025-04-04,2026-07-31,"HNX bang Thong tin hoat dong giam sat thi truong; effective_date = NGAY DANG TIN, KHONG phai ngay hieu luc"
VIT,WARNING,2026-05-27,,https://www.hnx.vn/vi-vn/co-phieu-etfs/chung-khoan-ny-thong-tin.html,2026-05-27,2026-07-31,"HNX bang Thong tin hoat dong giam sat thi truong; effective_date = NGAY DANG TIN, KHONG phai ngay hieu luc"
C69,WARNING,2024-04-04,2024-08-29,https://www.hnx.vn/vi-vn/co-phieu-etfs/chung-khoan-ny-thong-tin.html,2024-04-04,2026-07-31,"Da go: QD 944/QD-SGDHN 29/8/2024 (van ban goc). Bang Tinh trang chung khoan HNX van liet ke C69 dang Canh bao - MAU THUAN, tin theo van ban goc"
MST,WARNING,2024-04-03,2025-04-09,https://www.hnx.vn/vi-vn/co-phieu-etfs/chung-khoan-ny-thong-tin.html,2024-04-03,2026-07-31,"Da go: QD 290/QD-SGDHN 02/4/2025, Dieu 3 hieu luc 09/4/2025, thay the QD 250 ngay 03/4/2024. Bang Tinh trang chung khoan HNX van liet ke MST dang Canh bao - MAU THUAN"
NDN,WARNING,2023-04-03,2023-08-23,https://www.hnx.vn/vi-vn/co-phieu-etfs/chung-khoan-ny-thong-tin.html,2023-04-03,2026-07-31,"Da go: QD 866/QD-SGDHN 21/8/2023, ngay hieu luc 23/8/2023. Bang Tinh trang chung khoan HNX van liet ke NDN dang Canh bao - MAU THUAN"
