ticker,exchange,icb2,sector_class,statement_type,n_quarters,earliest_report_period,latest_report_period,n_missing_gap_quarters,data_status
AAA,HOSE,HÓA CHẤT,SCREENER_RELEVANT,balance_sheet,4,2025Q2,2026Q1,0,OK
AAA,HOSE,HÓA CHẤT,SCREENER_RELEVANT,income_statement,4,2025Q2,2026Q1,0,OK
AAA,HOSE,HÓA CHẤT,SCREENER_RELEVANT,cash_flow,4,2025Q2,2026Q1,0,OK
ABT,HOSE,THỰC PHẨM VÀ ĐỒ UỐNG,SCREENER_RELEVANT,balance_sheet,4,2025Q2,2026Q1,0,OK
ABT,HOSE,THỰC PHẨM VÀ ĐỒ UỐNG,SCREENER_RELEVANT,income_statement,4,2025Q2,2026Q1,0,OK
ABT,HOSE,THỰC PHẨM VÀ ĐỒ UỐNG,SCREENER_RELEVANT,cash_flow,4,2025Q2,2026Q1,0,OK
ADS,HOSE,HÀNG CÁ NHÂN & GIA DỤNG,SCREENER_RELEVANT,balance_sheet,4,2025Q2,2026Q1,0,OK
ADS,HOSE,HÀNG CÁ NHÂN & GIA DỤNG,SCREENER_RELEVANT,income_statement,4,2025Q2,2026Q1,0,OK
ADS,HOSE,HÀNG CÁ NHÂN & GIA DỤNG,SCREENER_RELEVANT,cash_flow,4,2025Q2,2026Q1,0,OK
AFX,HOSE,BÁN LẺ,SCREENER_RELEVANT,balance_sheet,4,2025Q3,2026Q2,0,OK
AFX,HOSE,BÁN LẺ,SCREENER_RELEVANT,income_statement,4,2025Q3,2026Q2,0,OK
AFX,HOSE,BÁN LẺ,SCREENER_RELEVANT,cash_flow,4,2025Q3,2026Q2,0,OK
AGG,HOSE,BẤT ĐỘNG SẢN,SCREENER_RELEVANT,balance_sheet,4,2025Q2,2026Q1,0,OK
AGG,HOSE,BẤT ĐỘNG SẢN,SCREENER_RELEVANT,income_statement,4,2025Q2,2026Q1,0,OK
AGG,HOSE,BẤT ĐỘNG SẢN,SCREENER_RELEVANT,cash_flow,4,2025Q2,2026Q1,0,OK
ANV,HOSE,THỰC PHẨM VÀ ĐỒ UỐNG,SCREENER_RELEVANT,balance_sheet,0,,,0,MISSING_DATA
ANV,HOSE,THỰC PHẨM VÀ ĐỒ UỐNG,SCREENER_RELEVANT,income_statement,4,2025Q3,2026Q2,0,OK
ANV,HOSE,THỰC PHẨM VÀ ĐỒ UỐNG,SCREENER_RELEVANT,cash_flow,4,2025Q3,2026Q2,0,OK
APH,HOSE,HÀNG & DỊCH VỤ CÔNG NGHIỆP,SCREENER_RELEVANT,balance_sheet,4,2025Q2,2026Q1,0,OK
APH,HOSE,HÀNG & DỊCH VỤ CÔNG NGHIỆP,SCREENER_RELEVANT,income_statement,4,2025Q2,2026Q1,0,OK
APH,HOSE,HÀNG & DỊCH VỤ CÔNG NGHIỆP,SCREENER_RELEVANT,cash_flow,4,2025Q2,2026Q1,0,OK
API,HNX,BẤT ĐỘNG SẢN,SCREENER_RELEVANT,balance_sheet,4,2025Q2,2026Q1,0,OK
API,HNX,BẤT ĐỘNG SẢN,SCREENER_RELEVANT,income_statement,4,2025Q2,2026Q1,0,OK
API,HNX,BẤT ĐỘNG SẢN,SCREENER_RELEVANT,cash_flow,4,2025Q2,2026Q1,0,OK
ASM,HOSE,THỰC PHẨM VÀ ĐỒ UỐNG,SCREENER_RELEVANT,balance_sheet,4,2025Q2,2026Q1,0,OK
ASM,HOSE,THỰC PHẨM VÀ ĐỒ UỐNG,SCREENER_RELEVANT,income_statement,4,2025Q2,2026Q1,0,OK
ASM,HOSE,THỰC PHẨM VÀ ĐỒ UỐNG,SCREENER_RELEVANT,cash_flow,4,2025Q2,2026Q1,0,OK
ASP,HOSE,"ĐIỆN, NƯỚC & XĂNG DẦU KHÍ ĐỐT",SCREENER_RELEVANT,balance_sheet,4,2025Q2,2026Q1,0,OK
ASP,HOSE,"ĐIỆN, NƯỚC & XĂNG DẦU KHÍ ĐỐT",SCREENER_RELEVANT,income_statement,4,2025Q2,2026Q1,0,OK
ASP,HOSE,"ĐIỆN, NƯỚC & XĂNG DẦU KHÍ ĐỐT",SCREENER_RELEVANT,cash_flow,4,2025Q2,2026Q1,0,OK
BAF,HOSE,THỰC PHẨM VÀ ĐỒ UỐNG,SCREENER_RELEVANT,balance_sheet,0,,,0,MISSING_DATA
BAF,HOSE,THỰC PHẨM VÀ ĐỒ UỐNG,SCREENER_RELEVANT,income_statement,4,2025Q2,2026Q1,0,OK
BAF,HOSE,THỰC PHẨM VÀ ĐỒ UỐNG,SCREENER_RELEVANT,cash_flow,4,2025Q2,2026Q1,0,OK
BCM,HOSE,BẤT ĐỘNG SẢN,SCREENER_RELEVANT,balance_sheet,4,2025Q2,2026Q1,0,OK
BCM,HOSE,BẤT ĐỘNG SẢN,SCREENER_RELEVANT,income_statement,4,2025Q2,2026Q1,0,OK
BCM,HOSE,BẤT ĐỘNG SẢN,SCREENER_RELEVANT,cash_flow,4,2025Q2,2026Q1,0,OK
BFC,HOSE,HÓA CHẤT,SCREENER_RELEVANT,balance_sheet,4,2025Q3,2026Q2,0,OK
BFC,HOSE,HÓA CHẤT,SCREENER_RELEVANT,income_statement,4,2025Q3,2026Q2,0,OK
BFC,HOSE,HÓA CHẤT,SCREENER_RELEVANT,cash_flow,4,2025Q3,2026Q2,0,OK
BKG,HOSE,HÀNG CÁ NHÂN & GIA DỤNG,SCREENER_RELEVANT,balance_sheet,4,2025Q2,2026Q1,0,OK
BKG,HOSE,HÀNG CÁ NHÂN & GIA DỤNG,SCREENER_RELEVANT,income_statement,4,2025Q2,2026Q1,0,OK
BKG,HOSE,HÀNG CÁ NHÂN & GIA DỤNG,SCREENER_RELEVANT,cash_flow,4,2025Q2,2026Q1,0,OK
BMP,HOSE,XÂY DỰNG VÀ VẬT LIỆU,SCREENER_RELEVANT,balance_sheet,4,2025Q3,2026Q2,0,OK
BMP,HOSE,XÂY DỰNG VÀ VẬT LIỆU,SCREENER_RELEVANT,income_statement,4,2025Q3,2026Q2,0,OK
BMP,HOSE,XÂY DỰNG VÀ VẬT LIỆU,SCREENER_RELEVANT,cash_flow,4,2025Q3,2026Q2,0,OK
BNA,HNX,THỰC PHẨM VÀ ĐỒ UỐNG,SCREENER_RELEVANT,balance_sheet,4,2025Q2,2026Q1,0,OK
BNA,HNX,THỰC PHẨM VÀ ĐỒ UỐNG,SCREENER_RELEVANT,income_statement,4,2025Q2,2026Q1,0,OK
BNA,HNX,THỰC PHẨM VÀ ĐỒ UỐNG,SCREENER_RELEVANT,cash_flow,4,2025Q2,2026Q1,0,OK
BSR,HOSE,DẦU KHÍ,SCREENER_RELEVANT,balance_sheet,4,2025Q2,2026Q1,0,OK
BSR,HOSE,DẦU KHÍ,SCREENER_RELEVANT,income_statement,4,2025Q2,2026Q1,0,OK
BSR,HOSE,DẦU KHÍ,SCREENER_RELEVANT,cash_flow,4,2025Q2,2026Q1,0,OK
BWE,HOSE,"ĐIỆN, NƯỚC & XĂNG DẦU KHÍ ĐỐT",SCREENER_RELEVANT,balance_sheet,4,2025Q2,2026Q1,0,OK
BWE,HOSE,"ĐIỆN, NƯỚC & XĂNG DẦU KHÍ ĐỐT",SCREENER_RELEVANT,income_statement,4,2025Q2,2026Q1,0,OK
BWE,HOSE,"ĐIỆN, NƯỚC & XĂNG DẦU KHÍ ĐỐT",SCREENER_RELEVANT,cash_flow,4,2025Q2,2026Q1,0,OK
C32,HOSE,XÂY DỰNG VÀ VẬT LIỆU,SCREENER_RELEVANT,balance_sheet,4,2025Q2,2026Q1,0,OK
C32,HOSE,XÂY DỰNG VÀ VẬT LIỆU,SCREENER_RELEVANT,income_statement,4,2025Q2,2026Q1,0,OK
C32,HOSE,XÂY DỰNG VÀ VẬT LIỆU,SCREENER_RELEVANT,cash_flow,4,2025Q2,2026Q1,0,OK
C69,HNX,XÂY DỰNG VÀ VẬT LIỆU,SCREENER_RELEVANT,balance_sheet,4,2025Q2,2026Q1,0,OK
C69,HNX,XÂY DỰNG VÀ VẬT LIỆU,SCREENER_RELEVANT,income_statement,4,2025Q2,2026Q1,0,OK
C69,HNX,XÂY DỰNG VÀ VẬT LIỆU,SCREENER_RELEVANT,cash_flow,4,2025Q2,2026Q1,0,OK
CAP,HNX,TÀI NGUYÊN CƠ BẢN,SCREENER_RELEVANT,balance_sheet,4,2025Q2,2026Q1,0,OK
CAP,HNX,TÀI NGUYÊN CƠ BẢN,SCREENER_RELEVANT,income_statement,4,2025Q2,2026Q1,0,OK
CAP,HNX,TÀI NGUYÊN CƠ BẢN,SCREENER_RELEVANT,cash_flow,4,2025Q2,2026Q1,0,OK
CDC,HOSE,XÂY DỰNG VÀ VẬT LIỆU,SCREENER_RELEVANT,balance_sheet,4,2025Q2,2026Q1,0,OK
CDC,HOSE,XÂY DỰNG VÀ VẬT LIỆU,SCREENER_RELEVANT,income_statement,4,2025Q2,2026Q1,0,OK
CDC,HOSE,XÂY DỰNG VÀ VẬT LIỆU,SCREENER_RELEVANT,cash_flow,4,2025Q2,2026Q1,0,OK
CEO,HNX,BẤT ĐỘNG SẢN,SCREENER_RELEVANT,balance_sheet,4,2025Q2,2026Q1,0,OK
CEO,HNX,BẤT ĐỘNG SẢN,SCREENER_RELEVANT,income_statement,4,2025Q2,2026Q1,0,OK
CEO,HNX,BẤT ĐỘNG SẢN,SCREENER_RELEVANT,cash_flow,4,2025Q2,2026Q1,0,OK
CIG,HOSE,XÂY DỰNG VÀ VẬT LIỆU,SCREENER_RELEVANT,balance_sheet,4,2025Q2,2026Q1,0,OK
CIG,HOSE,XÂY DỰNG VÀ VẬT LIỆU,SCREENER_RELEVANT,income_statement,4,2025Q2,2026Q1,0,OK
CIG,HOSE,XÂY DỰNG VÀ VẬT LIỆU,SCREENER_RELEVANT,cash_flow,4,2025Q2,2026Q1,0,OK
CII,HOSE,XÂY DỰNG VÀ VẬT LIỆU,SCREENER_RELEVANT,balance_sheet,4,2025Q2,2026Q1,0,OK
CII,HOSE,XÂY DỰNG VÀ VẬT LIỆU,SCREENER_RELEVANT,income_statement,4,2025Q2,2026Q1,0,OK
CII,HOSE,XÂY DỰNG VÀ VẬT LIỆU,SCREENER_RELEVANT,cash_flow,4,2025Q2,2026Q1,0,OK
CLW,HOSE,"ĐIỆN, NƯỚC & XĂNG DẦU KHÍ ĐỐT",SCREENER_RELEVANT,balance_sheet,4,2025Q3,2026Q2,0,OK
CLW,HOSE,"ĐIỆN, NƯỚC & XĂNG DẦU KHÍ ĐỐT",SCREENER_RELEVANT,income_statement,4,2025Q3,2026Q2,0,OK
CLW,HOSE,"ĐIỆN, NƯỚC & XĂNG DẦU KHÍ ĐỐT",SCREENER_RELEVANT,cash_flow,4,2025Q3,2026Q2,0,OK
CMG,HOSE,CÔNG NGHỆ THÔNG TIN,SCREENER_RELEVANT,balance_sheet,4,2025Q2,2026Q1,0,OK
CMG,HOSE,CÔNG NGHỆ THÔNG TIN,SCREENER_RELEVANT,income_statement,4,2025Q2,2026Q1,0,OK
CMG,HOSE,CÔNG NGHỆ THÔNG TIN,SCREENER_RELEVANT,cash_flow,4,2025Q2,2026Q1,0,OK
CMS,HNX,XÂY DỰNG VÀ VẬT LIỆU,SCREENER_RELEVANT,balance_sheet,4,2025Q2,2026Q1,0,OK
CMS,HNX,XÂY DỰNG VÀ VẬT LIỆU,SCREENER_RELEVANT,income_statement,4,2025Q2,2026Q1,0,OK
CMS,HNX,XÂY DỰNG VÀ VẬT LIỆU,SCREENER_RELEVANT,cash_flow,4,2025Q2,2026Q1,0,OK
CRC,HOSE,XÂY DỰNG VÀ VẬT LIỆU,SCREENER_RELEVANT,balance_sheet,4,2025Q2,2026Q1,0,OK
CRC,HOSE,XÂY DỰNG VÀ VẬT LIỆU,SCREENER_RELEVANT,income_statement,4,2025Q2,2026Q1,0,OK
CRC,HOSE,XÂY DỰNG VÀ VẬT LIỆU,SCREENER_RELEVANT,cash_flow,4,2025Q2,2026Q1,0,OK
CRE,HOSE,BẤT ĐỘNG SẢN,SCREENER_RELEVANT,balance_sheet,4,2025Q2,2026Q1,0,OK
CRE,HOSE,BẤT ĐỘNG SẢN,SCREENER_RELEVANT,income_statement,4,2025Q2,2026Q1,0,OK
CRE,HOSE,BẤT ĐỘNG SẢN,SCREENER_RELEVANT,cash_flow,4,2025Q2,2026Q1,0,OK
CSM,HOSE,Ô TÔ VÀ PHỤ TÙNG,SCREENER_RELEVANT,balance_sheet,4,2025Q3,2026Q2,0,OK
CSM,HOSE,Ô TÔ VÀ PHỤ TÙNG,SCREENER_RELEVANT,income_statement,4,2025Q3,2026Q2,0,OK
CSM,HOSE,Ô TÔ VÀ PHỤ TÙNG,SCREENER_RELEVANT,cash_flow,4,2025Q3,2026Q2,0,OK
CSV,HOSE,HÓA CHẤT,SCREENER_RELEVANT,balance_sheet,4,2025Q3,2026Q2,0,OK
CSV,HOSE,HÓA CHẤT,SCREENER_RELEVANT,income_statement,4,2025Q3,2026Q2,0,OK
CSV,HOSE,HÓA CHẤT,SCREENER_RELEVANT,cash_flow,4,2025Q3,2026Q2,0,OK
CTD,HOSE,XÂY DỰNG VÀ VẬT LIỆU,SCREENER_RELEVANT,balance_sheet,4,2025Q2,2026Q1,0,OK
CTD,HOSE,XÂY DỰNG VÀ VẬT LIỆU,SCREENER_RELEVANT,income_statement,4,2025Q2,2026Q1,0,OK
CTD,HOSE,XÂY DỰNG VÀ VẬT LIỆU,SCREENER_RELEVANT,cash_flow,4,2025Q2,2026Q1,0,OK
CTF,HOSE,Ô TÔ VÀ PHỤ TÙNG,SCREENER_RELEVANT,balance_sheet,4,2025Q2,2026Q1,0,OK
CTF,HOSE,Ô TÔ VÀ PHỤ TÙNG,SCREENER_RELEVANT,income_statement,4,2025Q2,2026Q1,0,OK
CTF,HOSE,Ô TÔ VÀ PHỤ TÙNG,SCREENER_RELEVANT,cash_flow,4,2025Q2,2026Q1,0,OK
CTI,HOSE,XÂY DỰNG VÀ VẬT LIỆU,SCREENER_RELEVANT,balance_sheet,4,2025Q2,2026Q1,0,OK
CTI,HOSE,XÂY DỰNG VÀ VẬT LIỆU,SCREENER_RELEVANT,income_statement,4,2025Q2,2026Q1,0,OK
CTI,HOSE,XÂY DỰNG VÀ VẬT LIỆU,SCREENER_RELEVANT,cash_flow,4,2025Q2,2026Q1,0,OK
CTP,HNX,THỰC PHẨM VÀ ĐỒ UỐNG,SCREENER_RELEVANT,balance_sheet,4,2025Q3,2026Q2,0,OK
CTP,HNX,THỰC PHẨM VÀ ĐỒ UỐNG,SCREENER_RELEVANT,income_statement,4,2025Q3,2026Q2,0,OK
CTP,HNX,THỰC PHẨM VÀ ĐỒ UỐNG,SCREENER_RELEVANT,cash_flow,4,2025Q3,2026Q2,0,OK
CTR,HOSE,XÂY DỰNG VÀ VẬT LIỆU,SCREENER_RELEVANT,balance_sheet,4,2025Q2,2026Q1,0,OK
CTR,HOSE,XÂY DỰNG VÀ VẬT LIỆU,SCREENER_RELEVANT,income_statement,4,2025Q2,2026Q1,0,OK
CTR,HOSE,XÂY DỰNG VÀ VẬT LIỆU,SCREENER_RELEVANT,cash_flow,4,2025Q2,2026Q1,0,OK
D2D,HOSE,BẤT ĐỘNG SẢN,SCREENER_RELEVANT,balance_sheet,4,2025Q3,2026Q2,0,OK
D2D,HOSE,BẤT ĐỘNG SẢN,SCREENER_RELEVANT,income_statement,4,2025Q3,2026Q2,0,OK
D2D,HOSE,BẤT ĐỘNG SẢN,SCREENER_RELEVANT,cash_flow,4,2025Q2,2026Q1,0,OK
DBC,HOSE,THỰC PHẨM VÀ ĐỒ UỐNG,SCREENER_RELEVANT,balance_sheet,0,,,0,MISSING_DATA
DBC,HOSE,THỰC PHẨM VÀ ĐỒ UỐNG,SCREENER_RELEVANT,income_statement,4,2025Q2,2026Q1,0,OK
DBC,HOSE,THỰC PHẨM VÀ ĐỒ UỐNG,SCREENER_RELEVANT,cash_flow,4,2025Q2,2026Q1,0,OK
DBD,HOSE,Y TẾ,SCREENER_RELEVANT,balance_sheet,4,2025Q2,2026Q1,0,OK
DBD,HOSE,Y TẾ,SCREENER_RELEVANT,income_statement,4,2025Q2,2026Q1,0,OK
DBD,HOSE,Y TẾ,SCREENER_RELEVANT,cash_flow,4,2025Q2,2026Q1,0,OK
DC4,HOSE,XÂY DỰNG VÀ VẬT LIỆU,SCREENER_RELEVANT,balance_sheet,4,2025Q2,2026Q1,0,OK
DC4,HOSE,XÂY DỰNG VÀ VẬT LIỆU,SCREENER_RELEVANT,income_statement,4,2025Q2,2026Q1,0,OK
DC4,HOSE,XÂY DỰNG VÀ VẬT LIỆU,SCREENER_RELEVANT,cash_flow,4,2025Q2,2026Q1,0,OK
DCL,HOSE,Y TẾ,SCREENER_RELEVANT,balance_sheet,4,2025Q2,2026Q1,0,OK
DCL,HOSE,Y TẾ,SCREENER_RELEVANT,income_statement,4,2025Q2,2026Q1,0,OK
DCL,HOSE,Y TẾ,SCREENER_RELEVANT,cash_flow,4,2025Q2,2026Q1,0,OK
DCM,HOSE,HÓA CHẤT,SCREENER_RELEVANT,balance_sheet,4,2025Q2,2026Q1,0,OK
DCM,HOSE,HÓA CHẤT,SCREENER_RELEVANT,income_statement,4,2025Q2,2026Q1,0,OK
DCM,HOSE,HÓA CHẤT,SCREENER_RELEVANT,cash_flow,4,2025Q2,2026Q1,0,OK
DGC,HOSE,HÓA CHẤT,SCREENER_RELEVANT,balance_sheet,4,2025Q3,2026Q2,0,OK
DGC,HOSE,HÓA CHẤT,SCREENER_RELEVANT,income_statement,4,2025Q3,2026Q2,0,OK
DGC,HOSE,HÓA CHẤT,SCREENER_RELEVANT,cash_flow,4,2025Q3,2026Q2,0,OK
DGW,HOSE,BÁN LẺ,SCREENER_RELEVANT,balance_sheet,4,2025Q2,2026Q1,0,OK
DGW,HOSE,BÁN LẺ,SCREENER_RELEVANT,income_statement,4,2025Q2,2026Q1,0,OK
DGW,HOSE,BÁN LẺ,SCREENER_RELEVANT,cash_flow,4,2025Q2,2026Q1,0,OK
DHA,HOSE,XÂY DỰNG VÀ VẬT LIỆU,SCREENER_RELEVANT,balance_sheet,4,2025Q2,2026Q1,0,OK
DHA,HOSE,XÂY DỰNG VÀ VẬT LIỆU,SCREENER_RELEVANT,income_statement,4,2025Q2,2026Q1,0,OK
DHA,HOSE,XÂY DỰNG VÀ VẬT LIỆU,SCREENER_RELEVANT,cash_flow,4,2024Q4,2026Q1,2,OK
DHC,HOSE,TÀI NGUYÊN CƠ BẢN,SCREENER_RELEVANT,balance_sheet,4,2025Q2,2026Q1,0,OK
DHC,HOSE,TÀI NGUYÊN CƠ BẢN,SCREENER_RELEVANT,income_statement,4,2025Q2,2026Q1,0,OK
DHC,HOSE,TÀI NGUYÊN CƠ BẢN,SCREENER_RELEVANT,cash_flow,4,2025Q2,2026Q1,0,OK
DHG,HOSE,Y TẾ,SCREENER_RELEVANT,balance_sheet,4,2025Q3,2026Q2,0,OK
DHG,HOSE,Y TẾ,SCREENER_RELEVANT,income_statement,4,2025Q3,2026Q2,0,OK
DHG,HOSE,Y TẾ,SCREENER_RELEVANT,cash_flow,4,2025Q3,2026Q2,0,OK
DIG,HOSE,BẤT ĐỘNG SẢN,SCREENER_RELEVANT,balance_sheet,4,2025Q2,2026Q1,0,OK
DIG,HOSE,BẤT ĐỘNG SẢN,SCREENER_RELEVANT,income_statement,4,2025Q2,2026Q1,0,OK
DIG,HOSE,BẤT ĐỘNG SẢN,SCREENER_RELEVANT,cash_flow,4,2025Q2,2026Q1,0,OK
DL1,HNX,HÀNG & DỊCH VỤ CÔNG NGHIỆP,SCREENER_RELEVANT,balance_sheet,4,2025Q2,2026Q1,0,OK
DL1,HNX,HÀNG & DỊCH VỤ CÔNG NGHIỆP,SCREENER_RELEVANT,income_statement,4,2025Q2,2026Q1,0,OK
DL1,HNX,HÀNG & DỊCH VỤ CÔNG NGHIỆP,SCREENER_RELEVANT,cash_flow,4,2025Q2,2026Q1,0,OK
DLG,HOSE,XÂY DỰNG VÀ VẬT LIỆU,SCREENER_RELEVANT,balance_sheet,4,2025Q2,2026Q1,0,OK
DLG,HOSE,XÂY DỰNG VÀ VẬT LIỆU,SCREENER_RELEVANT,income_statement,4,2025Q2,2026Q1,0,OK
DLG,HOSE,XÂY DỰNG VÀ VẬT LIỆU,SCREENER_RELEVANT,cash_flow,4,2025Q2,2026Q1,0,OK
DP3,HNX,Y TẾ,SCREENER_RELEVANT,balance_sheet,4,2025Q3,2026Q2,0,OK
DP3,HNX,Y TẾ,SCREENER_RELEVANT,income_statement,4,2025Q3,2026Q2,0,OK
DP3,HNX,Y TẾ,SCREENER_RELEVANT,cash_flow,4,2025Q2,2026Q1,0,OK
DPG,HOSE,XÂY DỰNG VÀ VẬT LIỆU,SCREENER_RELEVANT,balance_sheet,4,2025Q2,2026Q1,0,OK
DPG,HOSE,XÂY DỰNG VÀ VẬT LIỆU,SCREENER_RELEVANT,income_statement,4,2025Q2,2026Q1,0,OK
DPG,HOSE,XÂY DỰNG VÀ VẬT LIỆU,SCREENER_RELEVANT,cash_flow,4,2025Q2,2026Q1,0,OK
DPM,HOSE,HÓA CHẤT,SCREENER_RELEVANT,balance_sheet,4,2025Q2,2026Q1,0,OK
DPM,HOSE,HÓA CHẤT,SCREENER_RELEVANT,income_statement,4,2025Q2,2026Q1,0,OK
DPM,HOSE,HÓA CHẤT,SCREENER_RELEVANT,cash_flow,4,2025Q2,2026Q1,0,OK
DPR,HOSE,HÓA CHẤT,SCREENER_RELEVANT,balance_sheet,4,2025Q2,2026Q1,0,OK
DPR,HOSE,HÓA CHẤT,SCREENER_RELEVANT,income_statement,4,2025Q2,2026Q1,0,OK
DPR,HOSE,HÓA CHẤT,SCREENER_RELEVANT,cash_flow,4,2025Q2,2026Q1,0,OK
DRC,HOSE,Ô TÔ VÀ PHỤ TÙNG,SCREENER_RELEVANT,balance_sheet,4,2025Q3,2026Q2,0,OK
DRC,HOSE,Ô TÔ VÀ PHỤ TÙNG,SCREENER_RELEVANT,income_statement,4,2025Q3,2026Q2,0,OK
DRC,HOSE,Ô TÔ VÀ PHỤ TÙNG,SCREENER_RELEVANT,cash_flow,4,2025Q3,2026Q2,0,OK
DST,HNX,TRUYỀN THÔNG,SCREENER_RELEVANT,balance_sheet,4,2025Q3,2026Q2,0,OK
DST,HNX,TRUYỀN THÔNG,SCREENER_RELEVANT,income_statement,4,2025Q3,2026Q2,0,OK
DST,HNX,TRUYỀN THÔNG,SCREENER_RELEVANT,cash_flow,4,2025Q3,2026Q2,0,OK
DTD,HNX,BẤT ĐỘNG SẢN,SCREENER_RELEVANT,balance_sheet,4,2025Q2,2026Q1,0,OK
DTD,HNX,BẤT ĐỘNG SẢN,SCREENER_RELEVANT,income_statement,4,2025Q2,2026Q1,0,OK
DTD,HNX,BẤT ĐỘNG SẢN,SCREENER_RELEVANT,cash_flow,4,2025Q2,2026Q1,0,OK
DVM,HNX,Y TẾ,SCREENER_RELEVANT,balance_sheet,4,2025Q3,2026Q2,0,OK
DVM,HNX,Y TẾ,SCREENER_RELEVANT,income_statement,4,2025Q3,2026Q2,0,OK
DVM,HNX,Y TẾ,SCREENER_RELEVANT,cash_flow,4,2025Q3,2026Q2,0,OK
DVP,HOSE,HÀNG & DỊCH VỤ CÔNG NGHIỆP,SCREENER_RELEVANT,balance_sheet,4,2025Q3,2026Q2,0,OK
DVP,HOSE,HÀNG & DỊCH VỤ CÔNG NGHIỆP,SCREENER_RELEVANT,income_statement,4,2025Q3,2026Q2,0,OK
DVP,HOSE,HÀNG & DỊCH VỤ CÔNG NGHIỆP,SCREENER_RELEVANT,cash_flow,4,2025Q3,2026Q2,0,OK
DXG,HOSE,BẤT ĐỘNG SẢN,SCREENER_RELEVANT,balance_sheet,4,2025Q2,2026Q1,0,OK
DXG,HOSE,BẤT ĐỘNG SẢN,SCREENER_RELEVANT,income_statement,4,2025Q2,2026Q1,0,OK
DXG,HOSE,BẤT ĐỘNG SẢN,SCREENER_RELEVANT,cash_flow,4,2025Q2,2026Q1,0,OK
DXP,HNX,HÀNG & DỊCH VỤ CÔNG NGHIỆP,SCREENER_RELEVANT,balance_sheet,4,2025Q2,2026Q1,0,OK
DXP,HNX,HÀNG & DỊCH VỤ CÔNG NGHIỆP,SCREENER_RELEVANT,income_statement,4,2025Q2,2026Q1,0,OK
DXP,HNX,HÀNG & DỊCH VỤ CÔNG NGHIỆP,SCREENER_RELEVANT,cash_flow,4,2025Q2,2026Q1,0,OK
DXS,HOSE,BẤT ĐỘNG SẢN,SCREENER_RELEVANT,balance_sheet,4,2025Q2,2026Q1,0,OK
DXS,HOSE,BẤT ĐỘNG SẢN,SCREENER_RELEVANT,income_statement,4,2025Q2,2026Q1,0,OK
DXS,HOSE,BẤT ĐỘNG SẢN,SCREENER_RELEVANT,cash_flow,4,2025Q2,2026Q1,0,OK
ELC,HOSE,CÔNG NGHỆ THÔNG TIN,SCREENER_RELEVANT,balance_sheet,4,2025Q2,2026Q1,0,OK
ELC,HOSE,CÔNG NGHỆ THÔNG TIN,SCREENER_RELEVANT,income_statement,4,2025Q2,2026Q1,0,OK
ELC,HOSE,CÔNG NGHỆ THÔNG TIN,SCREENER_RELEVANT,cash_flow,4,2025Q2,2026Q1,0,OK
EVG,HOSE,XÂY DỰNG VÀ VẬT LIỆU,SCREENER_RELEVANT,balance_sheet,4,2025Q2,2026Q1,0,OK
EVG,HOSE,XÂY DỰNG VÀ VẬT LIỆU,SCREENER_RELEVANT,income_statement,4,2025Q2,2026Q1,0,OK
EVG,HOSE,XÂY DỰNG VÀ VẬT LIỆU,SCREENER_RELEVANT,cash_flow,4,2025Q2,2026Q1,0,OK
FCN,HOSE,XÂY DỰNG VÀ VẬT LIỆU,SCREENER_RELEVANT,balance_sheet,4,2025Q2,2026Q1,0,OK
FCN,HOSE,XÂY DỰNG VÀ VẬT LIỆU,SCREENER_RELEVANT,income_statement,4,2025Q2,2026Q1,0,OK
FCN,HOSE,XÂY DỰNG VÀ VẬT LIỆU,SCREENER_RELEVANT,cash_flow,4,2025Q2,2026Q1,0,OK
FIR,HOSE,BẤT ĐỘNG SẢN,SCREENER_RELEVANT,balance_sheet,4,2025Q2,2026Q1,0,OK
FIR,HOSE,BẤT ĐỘNG SẢN,SCREENER_RELEVANT,income_statement,4,2025Q2,2026Q1,0,OK
FIR,HOSE,BẤT ĐỘNG SẢN,SCREENER_RELEVANT,cash_flow,4,2025Q2,2026Q1,0,OK
FIT,HOSE,Y TẾ,SCREENER_RELEVANT,balance_sheet,4,2025Q2,2026Q1,0,OK
FIT,HOSE,Y TẾ,SCREENER_RELEVANT,income_statement,4,2025Q2,2026Q1,0,OK
FIT,HOSE,Y TẾ,SCREENER_RELEVANT,cash_flow,4,2025Q2,2026Q1,0,OK
FMC,HOSE,THỰC PHẨM VÀ ĐỒ UỐNG,SCREENER_RELEVANT,balance_sheet,4,2025Q3,2026Q2,0,OK
FMC,HOSE,THỰC PHẨM VÀ ĐỒ UỐNG,SCREENER_RELEVANT,income_statement,4,2025Q3,2026Q2,0,OK
FMC,HOSE,THỰC PHẨM VÀ ĐỒ UỐNG,SCREENER_RELEVANT,cash_flow,4,2025Q3,2026Q2,0,OK
FPT,HOSE,CÔNG NGHỆ THÔNG TIN,SCREENER_RELEVANT,balance_sheet,4,2025Q2,2026Q1,0,OK
FPT,HOSE,CÔNG NGHỆ THÔNG TIN,SCREENER_RELEVANT,income_statement,4,2025Q2,2026Q1,0,OK
FPT,HOSE,CÔNG NGHỆ THÔNG TIN,SCREENER_RELEVANT,cash_flow,4,2025Q2,2026Q1,0,OK
FRT,HOSE,BÁN LẺ,SCREENER_RELEVANT,balance_sheet,4,2025Q2,2026Q1,0,OK
FRT,HOSE,BÁN LẺ,SCREENER_RELEVANT,income_statement,4,2025Q2,2026Q1,0,OK
FRT,HOSE,BÁN LẺ,SCREENER_RELEVANT,cash_flow,4,2025Q2,2026Q1,0,OK
GAS,HOSE,"ĐIỆN, NƯỚC & XĂNG DẦU KHÍ ĐỐT",SCREENER_RELEVANT,balance_sheet,4,2025Q2,2026Q1,0,OK
GAS,HOSE,"ĐIỆN, NƯỚC & XĂNG DẦU KHÍ ĐỐT",SCREENER_RELEVANT,income_statement,4,2025Q2,2026Q1,0,OK
GAS,HOSE,"ĐIỆN, NƯỚC & XĂNG DẦU KHÍ ĐỐT",SCREENER_RELEVANT,cash_flow,4,2025Q2,2026Q1,0,OK
GEE,HOSE,HÀNG & DỊCH VỤ CÔNG NGHIỆP,SCREENER_RELEVANT,balance_sheet,4,2025Q3,2026Q2,0,OK
GEE,HOSE,HÀNG & DỊCH VỤ CÔNG NGHIỆP,SCREENER_RELEVANT,income_statement,4,2025Q3,2026Q2,0,OK
GEE,HOSE,HÀNG & DỊCH VỤ CÔNG NGHIỆP,SCREENER_RELEVANT,cash_flow,4,2025Q3,2026Q2,0,OK
GEG,HOSE,"ĐIỆN, NƯỚC & XĂNG DẦU KHÍ ĐỐT",SCREENER_RELEVANT,balance_sheet,4,2025Q2,2026Q1,0,OK
GEG,HOSE,"ĐIỆN, NƯỚC & XĂNG DẦU KHÍ ĐỐT",SCREENER_RELEVANT,income_statement,4,2025Q2,2026Q1,0,OK
GEG,HOSE,"ĐIỆN, NƯỚC & XĂNG DẦU KHÍ ĐỐT",SCREENER_RELEVANT,cash_flow,4,2025Q2,2026Q1,0,OK
GEX,HOSE,HÀNG & DỊCH VỤ CÔNG NGHIỆP,SCREENER_RELEVANT,balance_sheet,4,2025Q2,2026Q1,0,OK
GEX,HOSE,HÀNG & DỊCH VỤ CÔNG NGHIỆP,SCREENER_RELEVANT,income_statement,4,2025Q2,2026Q1,0,OK
GEX,HOSE,HÀNG & DỊCH VỤ CÔNG NGHIỆP,SCREENER_RELEVANT,cash_flow,4,2025Q2,2026Q1,0,OK
GIL,HOSE,HÀNG CÁ NHÂN & GIA DỤNG,SCREENER_RELEVANT,balance_sheet,4,2025Q2,2026Q1,0,OK
GIL,HOSE,HÀNG CÁ NHÂN & GIA DỤNG,SCREENER_RELEVANT,income_statement,4,2025Q2,2026Q1,0,OK
GIL,HOSE,HÀNG CÁ NHÂN & GIA DỤNG,SCREENER_RELEVANT,cash_flow,4,2025Q2,2026Q1,0,OK
GKM,HNX,XÂY DỰNG VÀ VẬT LIỆU,SCREENER_RELEVANT,balance_sheet,4,2025Q2,2026Q1,0,OK
GKM,HNX,XÂY DỰNG VÀ VẬT LIỆU,SCREENER_RELEVANT,income_statement,4,2025Q2,2026Q1,0,OK
GKM,HNX,XÂY DỰNG VÀ VẬT LIỆU,SCREENER_RELEVANT,cash_flow,4,2025Q2,2026Q1,0,OK
GMD,HOSE,HÀNG & DỊCH VỤ CÔNG NGHIỆP,SCREENER_RELEVANT,balance_sheet,4,2025Q2,2026Q1,0,OK
GMD,HOSE,HÀNG & DỊCH VỤ CÔNG NGHIỆP,SCREENER_RELEVANT,income_statement,4,2025Q2,2026Q1,0,OK
GMD,HOSE,HÀNG & DỊCH VỤ CÔNG NGHIỆP,SCREENER_RELEVANT,cash_flow,4,2025Q2,2026Q1,0,OK
GVR,HOSE,HÓA CHẤT,SCREENER_RELEVANT,balance_sheet,4,2025Q2,2026Q1,0,OK
GVR,HOSE,HÓA CHẤT,SCREENER_RELEVANT,income_statement,4,2025Q2,2026Q1,0,OK
GVR,HOSE,HÓA CHẤT,SCREENER_RELEVANT,cash_flow,4,2025Q2,2026Q1,0,OK
HAG,HOSE,THỰC PHẨM VÀ ĐỒ UỐNG,SCREENER_RELEVANT,balance_sheet,4,2025Q2,2026Q1,0,OK
HAG,HOSE,THỰC PHẨM VÀ ĐỒ UỐNG,SCREENER_RELEVANT,income_statement,4,2025Q2,2026Q1,0,OK
HAG,HOSE,THỰC PHẨM VÀ ĐỒ UỐNG,SCREENER_RELEVANT,cash_flow,4,2025Q2,2026Q1,0,OK
HAH,HOSE,HÀNG & DỊCH VỤ CÔNG NGHIỆP,SCREENER_RELEVANT,balance_sheet,4,2025Q2,2026Q1,0,OK
HAH,HOSE,HÀNG & DỊCH VỤ CÔNG NGHIỆP,SCREENER_RELEVANT,income_statement,4,2025Q2,2026Q1,0,OK
HAH,HOSE,HÀNG & DỊCH VỤ CÔNG NGHIỆP,SCREENER_RELEVANT,cash_flow,4,2025Q2,2026Q1,0,OK
HAX,HOSE,Ô TÔ VÀ PHỤ TÙNG,SCREENER_RELEVANT,balance_sheet,4,2025Q2,2026Q1,0,OK
HAX,HOSE,Ô TÔ VÀ PHỤ TÙNG,SCREENER_RELEVANT,income_statement,4,2025Q2,2026Q1,0,OK
HAX,HOSE,Ô TÔ VÀ PHỤ TÙNG,SCREENER_RELEVANT,cash_flow,4,2025Q2,2026Q1,0,OK
HDC,HOSE,BẤT ĐỘNG SẢN,SCREENER_RELEVANT,balance_sheet,4,2025Q2,2026Q1,0,OK
HDC,HOSE,BẤT ĐỘNG SẢN,SCREENER_RELEVANT,income_statement,4,2025Q2,2026Q1,0,OK
HDC,HOSE,BẤT ĐỘNG SẢN,SCREENER_RELEVANT,cash_flow,4,2025Q2,2026Q1,0,OK
HDG,HOSE,BẤT ĐỘNG SẢN,SCREENER_RELEVANT,balance_sheet,4,2025Q2,2026Q1,0,OK
HDG,HOSE,BẤT ĐỘNG SẢN,SCREENER_RELEVANT,income_statement,4,2025Q2,2026Q1,0,OK
HDG,HOSE,BẤT ĐỘNG SẢN,SCREENER_RELEVANT,cash_flow,4,2025Q2,2026Q1,0,OK
HHC,HNX,THỰC PHẨM VÀ ĐỒ UỐNG,SCREENER_RELEVANT,balance_sheet,4,2025Q2,2026Q1,0,OK
HHC,HNX,THỰC PHẨM VÀ ĐỒ UỐNG,SCREENER_RELEVANT,income_statement,4,2025Q2,2026Q1,0,OK
HHC,HNX,THỰC PHẨM VÀ ĐỒ UỐNG,SCREENER_RELEVANT,cash_flow,4,2025Q2,2026Q1,0,OK
HHP,HOSE,TÀI NGUYÊN CƠ BẢN,SCREENER_RELEVANT,balance_sheet,4,2025Q2,2026Q1,0,OK
HHP,HOSE,TÀI NGUYÊN CƠ BẢN,SCREENER_RELEVANT,income_statement,4,2025Q2,2026Q1,0,OK
HHP,HOSE,TÀI NGUYÊN CƠ BẢN,SCREENER_RELEVANT,cash_flow,4,2025Q2,2026Q1,0,OK
HHS,HOSE,Ô TÔ VÀ PHỤ TÙNG,SCREENER_RELEVANT,balance_sheet,4,2025Q2,2026Q1,0,OK
HHS,HOSE,Ô TÔ VÀ PHỤ TÙNG,SCREENER_RELEVANT,income_statement,4,2025Q2,2026Q1,0,OK
HHS,HOSE,Ô TÔ VÀ PHỤ TÙNG,SCREENER_RELEVANT,cash_flow,4,2025Q2,2026Q1,0,OK
HHV,HOSE,XÂY DỰNG VÀ VẬT LIỆU,SCREENER_RELEVANT,balance_sheet,4,2025Q2,2026Q1,0,OK
HHV,HOSE,XÂY DỰNG VÀ VẬT LIỆU,SCREENER_RELEVANT,income_statement,4,2025Q2,2026Q1,0,OK
HHV,HOSE,XÂY DỰNG VÀ VẬT LIỆU,SCREENER_RELEVANT,cash_flow,4,2025Q2,2026Q1,0,OK
HID,HOSE,XÂY DỰNG VÀ VẬT LIỆU,SCREENER_RELEVANT,balance_sheet,4,2025Q2,2026Q1,0,OK
HID,HOSE,XÂY DỰNG VÀ VẬT LIỆU,SCREENER_RELEVANT,income_statement,4,2025Q2,2026Q1,0,OK
HID,HOSE,XÂY DỰNG VÀ VẬT LIỆU,SCREENER_RELEVANT,cash_flow,4,2025Q2,2026Q1,0,OK
HII,HOSE,HÓA CHẤT,SCREENER_RELEVANT,balance_sheet,4,2025Q2,2026Q1,0,OK
HII,HOSE,HÓA CHẤT,SCREENER_RELEVANT,income_statement,4,2025Q2,2026Q1,0,OK
HII,HOSE,HÓA CHẤT,SCREENER_RELEVANT,cash_flow,4,2025Q2,2026Q1,0,OK
HPG,HOSE,TÀI NGUYÊN CƠ BẢN,SCREENER_RELEVANT,balance_sheet,4,2025Q2,2026Q1,0,OK
HPG,HOSE,TÀI NGUYÊN CƠ BẢN,SCREENER_RELEVANT,income_statement,4,2025Q2,2026Q1,0,OK
HPG,HOSE,TÀI NGUYÊN CƠ BẢN,SCREENER_RELEVANT,cash_flow,4,2025Q2,2026Q1,0,OK
HPX,HOSE,BẤT ĐỘNG SẢN,SCREENER_RELEVANT,balance_sheet,4,2025Q2,2026Q1,0,OK
HPX,HOSE,BẤT ĐỘNG SẢN,SCREENER_RELEVANT,income_statement,4,2025Q2,2026Q1,0,OK
HPX,HOSE,BẤT ĐỘNG SẢN,SCREENER_RELEVANT,cash_flow,4,2025Q2,2026Q1,0,OK
HQC,HOSE,BẤT ĐỘNG SẢN,SCREENER_RELEVANT,balance_sheet,4,2025Q2,2026Q1,0,OK
HQC,HOSE,BẤT ĐỘNG SẢN,SCREENER_RELEVANT,income_statement,4,2025Q2,2026Q1,0,OK
HQC,HOSE,BẤT ĐỘNG SẢN,SCREENER_RELEVANT,cash_flow,4,2025Q2,2026Q1,0,OK
HSG,HOSE,TÀI NGUYÊN CƠ BẢN,SCREENER_RELEVANT,balance_sheet,4,2025Q2,2026Q1,0,OK
HSG,HOSE,TÀI NGUYÊN CƠ BẢN,SCREENER_RELEVANT,income_statement,4,2025Q2,2026Q1,0,OK
HSG,HOSE,TÀI NGUYÊN CƠ BẢN,SCREENER_RELEVANT,cash_flow,4,2025Q2,2026Q1,0,OK
HSL,HOSE,THỰC PHẨM VÀ ĐỒ UỐNG,SCREENER_RELEVANT,balance_sheet,4,2025Q2,2026Q1,0,OK
HSL,HOSE,THỰC PHẨM VÀ ĐỒ UỐNG,SCREENER_RELEVANT,income_statement,4,2025Q2,2026Q1,0,OK
HSL,HOSE,THỰC PHẨM VÀ ĐỒ UỐNG,SCREENER_RELEVANT,cash_flow,4,2025Q2,2026Q1,0,OK
HT1,HOSE,XÂY DỰNG VÀ VẬT LIỆU,SCREENER_RELEVANT,balance_sheet,4,2025Q3,2026Q2,0,OK
HT1,HOSE,XÂY DỰNG VÀ VẬT LIỆU,SCREENER_RELEVANT,income_statement,4,2025Q3,2026Q2,0,OK
HT1,HOSE,XÂY DỰNG VÀ VẬT LIỆU,SCREENER_RELEVANT,cash_flow,4,2025Q3,2026Q2,0,OK
HTN,HOSE,BẤT ĐỘNG SẢN,SCREENER_RELEVANT,balance_sheet,4,2025Q2,2026Q1,0,OK
HTN,HOSE,BẤT ĐỘNG SẢN,SCREENER_RELEVANT,income_statement,4,2025Q2,2026Q1,0,OK
HTN,HOSE,BẤT ĐỘNG SẢN,SCREENER_RELEVANT,cash_flow,4,2025Q2,2026Q1,0,OK
HUT,HNX,Ô TÔ VÀ PHỤ TÙNG,SCREENER_RELEVANT,balance_sheet,4,2025Q2,2026Q1,0,OK
HUT,HNX,Ô TÔ VÀ PHỤ TÙNG,SCREENER_RELEVANT,income_statement,4,2025Q2,2026Q1,0,OK
HUT,HNX,Ô TÔ VÀ PHỤ TÙNG,SCREENER_RELEVANT,cash_flow,4,2025Q2,2026Q1,0,OK
HVH,HOSE,XÂY DỰNG VÀ VẬT LIỆU,SCREENER_RELEVANT,balance_sheet,4,2025Q2,2026Q1,0,OK
HVH,HOSE,XÂY DỰNG VÀ VẬT LIỆU,SCREENER_RELEVANT,income_statement,4,2025Q2,2026Q1,0,OK
HVH,HOSE,XÂY DỰNG VÀ VẬT LIỆU,SCREENER_RELEVANT,cash_flow,4,2025Q2,2026Q1,0,OK
HVN,HOSE,DU LỊCH VÀ GIẢI TRÍ,SCREENER_RELEVANT,balance_sheet,4,2025Q2,2026Q1,0,OK
HVN,HOSE,DU LỊCH VÀ GIẢI TRÍ,SCREENER_RELEVANT,income_statement,4,2025Q2,2026Q1,0,OK
HVN,HOSE,DU LỊCH VÀ GIẢI TRÍ,SCREENER_RELEVANT,cash_flow,4,2025Q2,2026Q1,0,OK
IDC,HNX,BẤT ĐỘNG SẢN,SCREENER_RELEVANT,balance_sheet,4,2025Q2,2026Q1,0,OK
IDC,HNX,BẤT ĐỘNG SẢN,SCREENER_RELEVANT,income_statement,4,2025Q2,2026Q1,0,OK
IDC,HNX,BẤT ĐỘNG SẢN,SCREENER_RELEVANT,cash_flow,4,2025Q2,2026Q1,0,OK
IDI,HOSE,THỰC PHẨM VÀ ĐỒ UỐNG,SCREENER_RELEVANT,balance_sheet,4,2025Q2,2026Q1,0,OK
IDI,HOSE,THỰC PHẨM VÀ ĐỒ UỐNG,SCREENER_RELEVANT,income_statement,4,2025Q2,2026Q1,0,OK
IDI,HOSE,THỰC PHẨM VÀ ĐỒ UỐNG,SCREENER_RELEVANT,cash_flow,4,2025Q2,2026Q1,0,OK
IDJ,HNX,BẤT ĐỘNG SẢN,SCREENER_RELEVANT,balance_sheet,4,2025Q2,2026Q1,0,OK
IDJ,HNX,BẤT ĐỘNG SẢN,SCREENER_RELEVANT,income_statement,4,2025Q2,2026Q1,0,OK
IDJ,HNX,BẤT ĐỘNG SẢN,SCREENER_RELEVANT,cash_flow,4,2025Q2,2026Q1,0,OK
IJC,HOSE,BẤT ĐỘNG SẢN,SCREENER_RELEVANT,balance_sheet,4,2025Q2,2026Q1,0,OK
IJC,HOSE,BẤT ĐỘNG SẢN,SCREENER_RELEVANT,income_statement,4,2025Q2,2026Q1,0,OK
IJC,HOSE,BẤT ĐỘNG SẢN,SCREENER_RELEVANT,cash_flow,4,2025Q2,2026Q1,0,OK
IPA,HNX,HÀNG & DỊCH VỤ CÔNG NGHIỆP,SCREENER_RELEVANT,balance_sheet,4,2025Q2,2026Q1,0,OK
IPA,HNX,HÀNG & DỊCH VỤ CÔNG NGHIỆP,SCREENER_RELEVANT,income_statement,4,2025Q2,2026Q1,0,OK
IPA,HNX,HÀNG & DỊCH VỤ CÔNG NGHIỆP,SCREENER_RELEVANT,cash_flow,4,2025Q2,2026Q1,0,OK
ITC,HOSE,BẤT ĐỘNG SẢN,SCREENER_RELEVANT,balance_sheet,4,2025Q2,2026Q1,0,OK
ITC,HOSE,BẤT ĐỘNG SẢN,SCREENER_RELEVANT,income_statement,4,2025Q2,2026Q1,0,OK
ITC,HOSE,BẤT ĐỘNG SẢN,SCREENER_RELEVANT,cash_flow,4,2025Q2,2026Q1,0,OK
ITD,HOSE,CÔNG NGHỆ THÔNG TIN,SCREENER_RELEVANT,balance_sheet,4,2025Q2,2026Q1,0,OK
ITD,HOSE,CÔNG NGHỆ THÔNG TIN,SCREENER_RELEVANT,income_statement,4,2025Q2,2026Q1,0,OK
ITD,HOSE,CÔNG NGHỆ THÔNG TIN,SCREENER_RELEVANT,cash_flow,4,2025Q2,2026Q1,0,OK
KBC,HOSE,BẤT ĐỘNG SẢN,SCREENER_RELEVANT,balance_sheet,4,2025Q2,2026Q1,0,OK
KBC,HOSE,BẤT ĐỘNG SẢN,SCREENER_RELEVANT,income_statement,4,2025Q2,2026Q1,0,OK
KBC,HOSE,BẤT ĐỘNG SẢN,SCREENER_RELEVANT,cash_flow,4,2025Q2,2026Q1,0,OK
KDC,HOSE,THỰC PHẨM VÀ ĐỒ UỐNG,SCREENER_RELEVANT,balance_sheet,4,2025Q2,2026Q1,0,OK
KDC,HOSE,THỰC PHẨM VÀ ĐỒ UỐNG,SCREENER_RELEVANT,income_statement,4,2025Q2,2026Q1,0,OK
KDC,HOSE,THỰC PHẨM VÀ ĐỒ UỐNG,SCREENER_RELEVANT,cash_flow,4,2025Q2,2026Q1,0,OK
KDH,HOSE,BẤT ĐỘNG SẢN,SCREENER_RELEVANT,balance_sheet,4,2025Q2,2026Q1,0,OK
KDH,HOSE,BẤT ĐỘNG SẢN,SCREENER_RELEVANT,income_statement,4,2025Q2,2026Q1,0,OK
KDH,HOSE,BẤT ĐỘNG SẢN,SCREENER_RELEVANT,cash_flow,4,2025Q2,2026Q1,0,OK
KHG,HOSE,BẤT ĐỘNG SẢN,SCREENER_RELEVANT,balance_sheet,4,2025Q2,2026Q1,0,OK
KHG,HOSE,BẤT ĐỘNG SẢN,SCREENER_RELEVANT,income_statement,4,2025Q2,2026Q1,0,OK
KHG,HOSE,BẤT ĐỘNG SẢN,SCREENER_RELEVANT,cash_flow,4,2025Q2,2026Q1,0,OK
KOS,HOSE,BẤT ĐỘNG SẢN,SCREENER_RELEVANT,balance_sheet,4,2025Q2,2026Q1,0,OK
KOS,HOSE,BẤT ĐỘNG SẢN,SCREENER_RELEVANT,income_statement,4,2025Q2,2026Q1,0,OK
KOS,HOSE,BẤT ĐỘNG SẢN,SCREENER_RELEVANT,cash_flow,4,2025Q2,2026Q1,0,OK
KSB,HOSE,XÂY DỰNG VÀ VẬT LIỆU,SCREENER_RELEVANT,balance_sheet,4,2025Q2,2026Q1,0,OK
KSB,HOSE,XÂY DỰNG VÀ VẬT LIỆU,SCREENER_RELEVANT,income_statement,4,2025Q2,2026Q1,0,OK
KSB,HOSE,XÂY DỰNG VÀ VẬT LIỆU,SCREENER_RELEVANT,cash_flow,4,2025Q2,2026Q1,0,OK
KSF,HNX,BẤT ĐỘNG SẢN,SCREENER_RELEVANT,balance_sheet,4,2025Q2,2026Q1,0,OK
KSF,HNX,BẤT ĐỘNG SẢN,SCREENER_RELEVANT,income_statement,4,2025Q2,2026Q1,0,OK
KSF,HNX,BẤT ĐỘNG SẢN,SCREENER_RELEVANT,cash_flow,4,2025Q2,2026Q1,0,OK
KSV,HNX,TÀI NGUYÊN CƠ BẢN,SCREENER_RELEVANT,balance_sheet,4,2025Q2,2026Q1,0,OK
KSV,HNX,TÀI NGUYÊN CƠ BẢN,SCREENER_RELEVANT,income_statement,4,2025Q2,2026Q1,0,OK
KSV,HNX,TÀI NGUYÊN CƠ BẢN,SCREENER_RELEVANT,cash_flow,4,2025Q2,2026Q1,0,OK
L14,HNX,XÂY DỰNG VÀ VẬT LIỆU,SCREENER_RELEVANT,balance_sheet,4,2025Q3,2026Q2,0,OK
L14,HNX,XÂY DỰNG VÀ VẬT LIỆU,SCREENER_RELEVANT,income_statement,4,2025Q3,2026Q2,0,OK
L14,HNX,XÂY DỰNG VÀ VẬT LIỆU,SCREENER_RELEVANT,cash_flow,4,2025Q3,2026Q2,0,OK
L40,HNX,XÂY DỰNG VÀ VẬT LIỆU,SCREENER_RELEVANT,balance_sheet,4,2025Q2,2026Q1,0,OK
L40,HNX,XÂY DỰNG VÀ VẬT LIỆU,SCREENER_RELEVANT,income_statement,4,2025Q2,2026Q1,0,OK
L40,HNX,XÂY DỰNG VÀ VẬT LIỆU,SCREENER_RELEVANT,cash_flow,4,2025Q2,2026Q1,0,OK
LAF,HOSE,THỰC PHẨM VÀ ĐỒ UỐNG,SCREENER_RELEVANT,balance_sheet,4,2025Q3,2026Q2,0,OK
LAF,HOSE,THỰC PHẨM VÀ ĐỒ UỐNG,SCREENER_RELEVANT,income_statement,4,2025Q3,2026Q2,0,OK
LAF,HOSE,THỰC PHẨM VÀ ĐỒ UỐNG,SCREENER_RELEVANT,cash_flow,4,2025Q3,2026Q2,0,OK
LAS,HNX,HÓA CHẤT,SCREENER_RELEVANT,balance_sheet,4,2025Q2,2026Q1,0,OK
LAS,HNX,HÓA CHẤT,SCREENER_RELEVANT,income_statement,4,2025Q2,2026Q1,0,OK
LAS,HNX,HÓA CHẤT,SCREENER_RELEVANT,cash_flow,4,2025Q2,2026Q1,0,OK
LBE,HNX,HÀNG CÁ NHÂN & GIA DỤNG,SCREENER_RELEVANT,balance_sheet,4,2025Q3,2026Q2,0,OK
LBE,HNX,HÀNG CÁ NHÂN & GIA DỤNG,SCREENER_RELEVANT,income_statement,4,2025Q3,2026Q2,0,OK
LBE,HNX,HÀNG CÁ NHÂN & GIA DỤNG,SCREENER_RELEVANT,cash_flow,4,2025Q1,2026Q1,1,OK
LCG,HOSE,XÂY DỰNG VÀ VẬT LIỆU,SCREENER_RELEVANT,balance_sheet,4,2025Q2,2026Q1,0,OK
LCG,HOSE,XÂY DỰNG VÀ VẬT LIỆU,SCREENER_RELEVANT,income_statement,4,2025Q2,2026Q1,0,OK
LCG,HOSE,XÂY DỰNG VÀ VẬT LIỆU,SCREENER_RELEVANT,cash_flow,4,2025Q2,2026Q1,0,OK
LDG,HOSE,BẤT ĐỘNG SẢN,SCREENER_RELEVANT,balance_sheet,4,2025Q2,2026Q1,0,OK
LDG,HOSE,BẤT ĐỘNG SẢN,SCREENER_RELEVANT,income_statement,4,2025Q2,2026Q1,0,OK
LDG,HOSE,BẤT ĐỘNG SẢN,SCREENER_RELEVANT,cash_flow,4,2025Q2,2026Q1,0,OK
LDP,HNX,Y TẾ,SCREENER_RELEVANT,balance_sheet,4,2025Q2,2026Q1,0,OK
LDP,HNX,Y TẾ,SCREENER_RELEVANT,income_statement,4,2025Q2,2026Q1,0,OK
LDP,HNX,Y TẾ,SCREENER_RELEVANT,cash_flow,4,2025Q2,2026Q1,0,OK
LHC,HNX,XÂY DỰNG VÀ VẬT LIỆU,SCREENER_RELEVANT,balance_sheet,4,2025Q2,2026Q1,0,OK
LHC,HNX,XÂY DỰNG VÀ VẬT LIỆU,SCREENER_RELEVANT,income_statement,4,2025Q2,2026Q1,0,OK
LHC,HNX,XÂY DỰNG VÀ VẬT LIỆU,SCREENER_RELEVANT,cash_flow,4,2025Q2,2026Q1,0,OK
LHG,HOSE,BẤT ĐỘNG SẢN,SCREENER_RELEVANT,balance_sheet,4,2025Q3,2026Q2,0,OK
LHG,HOSE,BẤT ĐỘNG SẢN,SCREENER_RELEVANT,income_statement,4,2025Q3,2026Q2,0,OK
LHG,HOSE,BẤT ĐỘNG SẢN,SCREENER_RELEVANT,cash_flow,4,2025Q3,2026Q2,0,OK
MBG,HNX,XÂY DỰNG VÀ VẬT LIỆU,SCREENER_RELEVANT,balance_sheet,4,2025Q2,2026Q1,0,OK
MBG,HNX,XÂY DỰNG VÀ VẬT LIỆU,SCREENER_RELEVANT,income_statement,4,2025Q2,2026Q1,0,OK
MBG,HNX,XÂY DỰNG VÀ VẬT LIỆU,SCREENER_RELEVANT,cash_flow,4,2025Q2,2026Q1,0,OK
MCH,HOSE,THỰC PHẨM VÀ ĐỒ UỐNG,SCREENER_RELEVANT,balance_sheet,4,2025Q2,2026Q1,0,OK
MCH,HOSE,THỰC PHẨM VÀ ĐỒ UỐNG,SCREENER_RELEVANT,income_statement,4,2025Q2,2026Q1,0,OK
MCH,HOSE,THỰC PHẨM VÀ ĐỒ UỐNG,SCREENER_RELEVANT,cash_flow,4,2025Q2,2026Q1,0,OK
MCM,HOSE,THỰC PHẨM VÀ ĐỒ UỐNG,SCREENER_RELEVANT,balance_sheet,4,2025Q3,2026Q2,0,OK
MCM,HOSE,THỰC PHẨM VÀ ĐỒ UỐNG,SCREENER_RELEVANT,income_statement,4,2025Q3,2026Q2,0,OK
MCM,HOSE,THỰC PHẨM VÀ ĐỒ UỐNG,SCREENER_RELEVANT,cash_flow,4,2025Q3,2026Q2,0,OK
MCP,HOSE,HÀNG & DỊCH VỤ CÔNG NGHIỆP,SCREENER_RELEVANT,balance_sheet,4,2025Q3,2026Q2,0,OK
MCP,HOSE,HÀNG & DỊCH VỤ CÔNG NGHIỆP,SCREENER_RELEVANT,income_statement,4,2025Q3,2026Q2,0,OK
MCP,HOSE,HÀNG & DỊCH VỤ CÔNG NGHIỆP,SCREENER_RELEVANT,cash_flow,4,2025Q2,2026Q1,0,OK
MSH,HOSE,HÀNG CÁ NHÂN & GIA DỤNG,SCREENER_RELEVANT,balance_sheet,4,2025Q2,2026Q1,0,OK
MSH,HOSE,HÀNG CÁ NHÂN & GIA DỤNG,SCREENER_RELEVANT,income_statement,4,2025Q2,2026Q1,0,OK
MSH,HOSE,HÀNG CÁ NHÂN & GIA DỤNG,SCREENER_RELEVANT,cash_flow,4,2025Q2,2026Q1,0,OK
MSN,HOSE,THỰC PHẨM VÀ ĐỒ UỐNG,SCREENER_RELEVANT,balance_sheet,4,2025Q2,2026Q1,0,OK
MSN,HOSE,THỰC PHẨM VÀ ĐỒ UỐNG,SCREENER_RELEVANT,income_statement,4,2025Q2,2026Q1,0,OK
MSN,HOSE,THỰC PHẨM VÀ ĐỒ UỐNG,SCREENER_RELEVANT,cash_flow,4,2025Q2,2026Q1,0,OK
MST,HNX,XÂY DỰNG VÀ VẬT LIỆU,SCREENER_RELEVANT,balance_sheet,4,2025Q3,2026Q2,0,OK
MST,HNX,XÂY DỰNG VÀ VẬT LIỆU,SCREENER_RELEVANT,income_statement,4,2025Q3,2026Q2,0,OK
MST,HNX,XÂY DỰNG VÀ VẬT LIỆU,SCREENER_RELEVANT,cash_flow,4,2025Q3,2026Q2,0,OK
MWG,HOSE,BÁN LẺ,SCREENER_RELEVANT,balance_sheet,4,2025Q2,2026Q1,0,OK
MWG,HOSE,BÁN LẺ,SCREENER_RELEVANT,income_statement,4,2025Q2,2026Q1,0,OK
MWG,HOSE,BÁN LẺ,SCREENER_RELEVANT,cash_flow,4,2025Q2,2026Q1,0,OK
MZG,HOSE,TÀI NGUYÊN CƠ BẢN,SCREENER_RELEVANT,balance_sheet,4,2025Q2,2026Q1,0,OK
MZG,HOSE,TÀI NGUYÊN CƠ BẢN,SCREENER_RELEVANT,income_statement,4,2025Q2,2026Q1,0,OK
MZG,HOSE,TÀI NGUYÊN CƠ BẢN,SCREENER_RELEVANT,cash_flow,4,2025Q2,2026Q1,0,OK
NAF,HOSE,THỰC PHẨM VÀ ĐỒ UỐNG,SCREENER_RELEVANT,balance_sheet,4,2025Q2,2026Q1,0,OK
NAF,HOSE,THỰC PHẨM VÀ ĐỒ UỐNG,SCREENER_RELEVANT,income_statement,4,2025Q2,2026Q1,0,OK
NAF,HOSE,THỰC PHẨM VÀ ĐỒ UỐNG,SCREENER_RELEVANT,cash_flow,4,2025Q2,2026Q1,0,OK
NBB,HOSE,BẤT ĐỘNG SẢN,SCREENER_RELEVANT,balance_sheet,4,2025Q2,2026Q1,0,OK
NBB,HOSE,BẤT ĐỘNG SẢN,SCREENER_RELEVANT,income_statement,4,2025Q2,2026Q1,0,OK
NBB,HOSE,BẤT ĐỘNG SẢN,SCREENER_RELEVANT,cash_flow,4,2025Q2,2026Q1,0,OK
NCT,HOSE,HÀNG & DỊCH VỤ CÔNG NGHIỆP,SCREENER_RELEVANT,balance_sheet,4,2025Q3,2026Q2,0,OK
NCT,HOSE,HÀNG & DỊCH VỤ CÔNG NGHIỆP,SCREENER_RELEVANT,income_statement,4,2025Q3,2026Q2,0,OK
NCT,HOSE,HÀNG & DỊCH VỤ CÔNG NGHIỆP,SCREENER_RELEVANT,cash_flow,4,2025Q2,2026Q1,0,OK
NDN,HNX,BẤT ĐỘNG SẢN,SCREENER_RELEVANT,balance_sheet,4,2025Q3,2026Q2,0,OK
NDN,HNX,BẤT ĐỘNG SẢN,SCREENER_RELEVANT,income_statement,4,2025Q3,2026Q2,0,OK
NDN,HNX,BẤT ĐỘNG SẢN,SCREENER_RELEVANT,cash_flow,4,2025Q3,2026Q2,0,OK
NHA,HOSE,XÂY DỰNG VÀ VẬT LIỆU,SCREENER_RELEVANT,balance_sheet,4,2025Q3,2026Q2,0,OK
NHA,HOSE,XÂY DỰNG VÀ VẬT LIỆU,SCREENER_RELEVANT,income_statement,4,2025Q3,2026Q2,0,OK
NHA,HOSE,XÂY DỰNG VÀ VẬT LIỆU,SCREENER_RELEVANT,cash_flow,4,2025Q3,2026Q2,0,OK
NKG,HOSE,TÀI NGUYÊN CƠ BẢN,SCREENER_RELEVANT,balance_sheet,4,2025Q2,2026Q1,0,OK
NKG,HOSE,TÀI NGUYÊN CƠ BẢN,SCREENER_RELEVANT,income_statement,4,2025Q2,2026Q1,0,OK
NKG,HOSE,TÀI NGUYÊN CƠ BẢN,SCREENER_RELEVANT,cash_flow,4,2025Q2,2026Q1,0,OK
NLG,HOSE,BẤT ĐỘNG SẢN,SCREENER_RELEVANT,balance_sheet,4,2025Q2,2026Q1,0,OK
NLG,HOSE,BẤT ĐỘNG SẢN,SCREENER_RELEVANT,income_statement,4,2025Q2,2026Q1,0,OK
NLG,HOSE,BẤT ĐỘNG SẢN,SCREENER_RELEVANT,cash_flow,4,2025Q2,2026Q1,0,OK
NNC,HOSE,XÂY DỰNG VÀ VẬT LIỆU,SCREENER_RELEVANT,balance_sheet,4,2025Q3,2026Q2,0,OK
NNC,HOSE,XÂY DỰNG VÀ VẬT LIỆU,SCREENER_RELEVANT,income_statement,4,2025Q3,2026Q2,0,OK
NNC,HOSE,XÂY DỰNG VÀ VẬT LIỆU,SCREENER_RELEVANT,cash_flow,4,2025Q3,2026Q2,0,OK
NRC,HNX,BẤT ĐỘNG SẢN,SCREENER_RELEVANT,balance_sheet,4,2025Q2,2026Q1,0,OK
NRC,HNX,BẤT ĐỘNG SẢN,SCREENER_RELEVANT,income_statement,4,2025Q2,2026Q1,0,OK
NRC,HNX,BẤT ĐỘNG SẢN,SCREENER_RELEVANT,cash_flow,4,2025Q2,2026Q1,0,OK
NT2,HOSE,"ĐIỆN, NƯỚC & XĂNG DẦU KHÍ ĐỐT",SCREENER_RELEVANT,balance_sheet,4,2025Q3,2026Q2,0,OK
NT2,HOSE,"ĐIỆN, NƯỚC & XĂNG DẦU KHÍ ĐỐT",SCREENER_RELEVANT,income_statement,4,2025Q3,2026Q2,0,OK
NT2,HOSE,"ĐIỆN, NƯỚC & XĂNG DẦU KHÍ ĐỐT",SCREENER_RELEVANT,cash_flow,4,2025Q3,2026Q2,0,OK
NTC,HOSE,BẤT ĐỘNG SẢN,SCREENER_RELEVANT,balance_sheet,4,2025Q3,2026Q2,0,OK
NTC,HOSE,BẤT ĐỘNG SẢN,SCREENER_RELEVANT,income_statement,4,2025Q3,2026Q2,0,OK
NTC,HOSE,BẤT ĐỘNG SẢN,SCREENER_RELEVANT,cash_flow,4,2025Q3,2026Q2,0,OK
NTL,HOSE,BẤT ĐỘNG SẢN,SCREENER_RELEVANT,balance_sheet,4,2025Q2,2026Q1,0,OK
NTL,HOSE,BẤT ĐỘNG SẢN,SCREENER_RELEVANT,income_statement,4,2025Q2,2026Q1,0,OK
NTL,HOSE,BẤT ĐỘNG SẢN,SCREENER_RELEVANT,cash_flow,4,2025Q2,2026Q1,0,OK
NTP,HNX,XÂY DỰNG VÀ VẬT LIỆU,SCREENER_RELEVANT,balance_sheet,4,2025Q3,2026Q2,0,OK
NTP,HNX,XÂY DỰNG VÀ VẬT LIỆU,SCREENER_RELEVANT,income_statement,4,2025Q3,2026Q2,0,OK
NTP,HNX,XÂY DỰNG VÀ VẬT LIỆU,SCREENER_RELEVANT,cash_flow,4,2025Q3,2026Q2,0,OK
NVL,HOSE,BẤT ĐỘNG SẢN,SCREENER_RELEVANT,balance_sheet,4,2025Q2,2026Q1,0,OK
NVL,HOSE,BẤT ĐỘNG SẢN,SCREENER_RELEVANT,income_statement,4,2025Q2,2026Q1,0,OK
NVL,HOSE,BẤT ĐỘNG SẢN,SCREENER_RELEVANT,cash_flow,4,2025Q2,2026Q1,0,OK
OCH,HNX,THỰC PHẨM VÀ ĐỒ UỐNG,SCREENER_RELEVANT,balance_sheet,4,2025Q2,2026Q1,0,OK
OCH,HNX,THỰC PHẨM VÀ ĐỒ UỐNG,SCREENER_RELEVANT,income_statement,4,2025Q2,2026Q1,0,OK
OCH,HNX,THỰC PHẨM VÀ ĐỒ UỐNG,SCREENER_RELEVANT,cash_flow,4,2025Q2,2026Q1,0,OK
PAC,HOSE,HÀNG & DỊCH VỤ CÔNG NGHIỆP,SCREENER_RELEVANT,balance_sheet,4,2025Q3,2026Q2,0,OK
PAC,HOSE,HÀNG & DỊCH VỤ CÔNG NGHIỆP,SCREENER_RELEVANT,income_statement,4,2025Q3,2026Q2,0,OK
PAC,HOSE,HÀNG & DỊCH VỤ CÔNG NGHIỆP,SCREENER_RELEVANT,cash_flow,4,2025Q3,2026Q2,0,OK
PAN,HOSE,THỰC PHẨM VÀ ĐỒ UỐNG,SCREENER_RELEVANT,balance_sheet,4,2025Q2,2026Q1,0,OK
PAN,HOSE,THỰC PHẨM VÀ ĐỒ UỐNG,SCREENER_RELEVANT,income_statement,4,2025Q2,2026Q1,0,OK
PAN,HOSE,THỰC PHẨM VÀ ĐỒ UỐNG,SCREENER_RELEVANT,cash_flow,4,2025Q2,2026Q1,0,OK
PC1,HOSE,XÂY DỰNG VÀ VẬT LIỆU,SCREENER_RELEVANT,balance_sheet,4,2025Q2,2026Q1,0,OK
PC1,HOSE,XÂY DỰNG VÀ VẬT LIỆU,SCREENER_RELEVANT,income_statement,4,2025Q2,2026Q1,0,OK
PC1,HOSE,XÂY DỰNG VÀ VẬT LIỆU,SCREENER_RELEVANT,cash_flow,4,2025Q2,2026Q1,0,OK
PCH,HNX,HÓA CHẤT,SCREENER_RELEVANT,balance_sheet,4,2025Q2,2026Q1,0,OK
PCH,HNX,HÓA CHẤT,SCREENER_RELEVANT,income_statement,4,2025Q2,2026Q1,0,OK
PCH,HNX,HÓA CHẤT,SCREENER_RELEVANT,cash_flow,4,2025Q2,2026Q1,0,OK
PDR,HOSE,BẤT ĐỘNG SẢN,SCREENER_RELEVANT,balance_sheet,4,2025Q2,2026Q1,0,OK
PDR,HOSE,BẤT ĐỘNG SẢN,SCREENER_RELEVANT,income_statement,4,2025Q2,2026Q1,0,OK
PDR,HOSE,BẤT ĐỘNG SẢN,SCREENER_RELEVANT,cash_flow,4,2025Q2,2026Q1,0,OK
PET,HOSE,BÁN LẺ,SCREENER_RELEVANT,balance_sheet,4,2025Q2,2026Q1,0,OK
PET,HOSE,BÁN LẺ,SCREENER_RELEVANT,income_statement,4,2025Q2,2026Q1,0,OK
PET,HOSE,BÁN LẺ,SCREENER_RELEVANT,cash_flow,4,2025Q2,2026Q1,0,OK
PHR,HOSE,HÓA CHẤT,SCREENER_RELEVANT,balance_sheet,4,2025Q2,2026Q1,0,OK
PHR,HOSE,HÓA CHẤT,SCREENER_RELEVANT,income_statement,4,2025Q2,2026Q1,0,OK
PHR,HOSE,HÓA CHẤT,SCREENER_RELEVANT,cash_flow,4,2025Q2,2026Q1,0,OK
PLC,HNX,HÓA CHẤT,SCREENER_RELEVANT,balance_sheet,4,2025Q2,2026Q1,0,OK
PLC,HNX,HÓA CHẤT,SCREENER_RELEVANT,income_statement,4,2025Q2,2026Q1,0,OK
PLC,HNX,HÓA CHẤT,SCREENER_RELEVANT,cash_flow,4,2025Q2,2026Q1,0,OK
PLX,HOSE,DẦU KHÍ,SCREENER_RELEVANT,balance_sheet,4,2025Q2,2026Q1,0,OK
PLX,HOSE,DẦU KHÍ,SCREENER_RELEVANT,income_statement,4,2025Q2,2026Q1,0,OK
PLX,HOSE,DẦU KHÍ,SCREENER_RELEVANT,cash_flow,4,2025Q2,2026Q1,0,OK
PNJ,HOSE,HÀNG CÁ NHÂN & GIA DỤNG,SCREENER_RELEVANT,balance_sheet,4,2025Q2,2026Q1,0,OK
PNJ,HOSE,HÀNG CÁ NHÂN & GIA DỤNG,SCREENER_RELEVANT,income_statement,4,2025Q2,2026Q1,0,OK
PNJ,HOSE,HÀNG CÁ NHÂN & GIA DỤNG,SCREENER_RELEVANT,cash_flow,4,2025Q2,2026Q1,0,OK
POW,HOSE,"ĐIỆN, NƯỚC & XĂNG DẦU KHÍ ĐỐT",SCREENER_RELEVANT,balance_sheet,4,2025Q2,2026Q1,0,OK
POW,HOSE,"ĐIỆN, NƯỚC & XĂNG DẦU KHÍ ĐỐT",SCREENER_RELEVANT,income_statement,4,2025Q2,2026Q1,0,OK
POW,HOSE,"ĐIỆN, NƯỚC & XĂNG DẦU KHÍ ĐỐT",SCREENER_RELEVANT,cash_flow,4,2025Q2,2026Q1,0,OK
PPC,HOSE,"ĐIỆN, NƯỚC & XĂNG DẦU KHÍ ĐỐT",SCREENER_RELEVANT,balance_sheet,4,2025Q3,2026Q2,0,OK
PPC,HOSE,"ĐIỆN, NƯỚC & XĂNG DẦU KHÍ ĐỐT",SCREENER_RELEVANT,income_statement,4,2025Q3,2026Q2,0,OK
PPC,HOSE,"ĐIỆN, NƯỚC & XĂNG DẦU KHÍ ĐỐT",SCREENER_RELEVANT,cash_flow,4,2025Q2,2026Q1,0,OK
PPT,HNX,"ĐIỆN, NƯỚC & XĂNG DẦU KHÍ ĐỐT",SCREENER_RELEVANT,balance_sheet,4,2025Q3,2026Q2,0,OK
PPT,HNX,"ĐIỆN, NƯỚC & XĂNG DẦU KHÍ ĐỐT",SCREENER_RELEVANT,income_statement,4,2025Q3,2026Q2,0,OK
PPT,HNX,"ĐIỆN, NƯỚC & XĂNG DẦU KHÍ ĐỐT",SCREENER_RELEVANT,cash_flow,4,2025Q3,2026Q2,0,OK
PSD,HNX,BÁN LẺ,SCREENER_RELEVANT,balance_sheet,4,2025Q3,2026Q2,0,OK
PSD,HNX,BÁN LẺ,SCREENER_RELEVANT,income_statement,4,2025Q3,2026Q2,0,OK
PSD,HNX,BÁN LẺ,SCREENER_RELEVANT,cash_flow,4,2025Q3,2026Q2,0,OK
PTB,HOSE,TÀI NGUYÊN CƠ BẢN,SCREENER_RELEVANT,balance_sheet,4,2025Q2,2026Q1,0,OK
PTB,HOSE,TÀI NGUYÊN CƠ BẢN,SCREENER_RELEVANT,income_statement,4,2025Q2,2026Q1,0,OK
PTB,HOSE,TÀI NGUYÊN CƠ BẢN,SCREENER_RELEVANT,cash_flow,4,2025Q2,2026Q1,0,OK
PVB,HNX,DẦU KHÍ,SCREENER_RELEVANT,balance_sheet,4,2025Q2,2026Q1,0,OK
PVB,HNX,DẦU KHÍ,SCREENER_RELEVANT,income_statement,4,2025Q2,2026Q1,0,OK
PVB,HNX,DẦU KHÍ,SCREENER_RELEVANT,cash_flow,4,2025Q2,2026Q1,0,OK
PVC,HNX,DẦU KHÍ,SCREENER_RELEVANT,balance_sheet,4,2025Q2,2026Q1,0,OK
PVC,HNX,DẦU KHÍ,SCREENER_RELEVANT,income_statement,4,2025Q2,2026Q1,0,OK
PVC,HNX,DẦU KHÍ,SCREENER_RELEVANT,cash_flow,4,2025Q2,2026Q1,0,OK
PVD,HOSE,DẦU KHÍ,SCREENER_RELEVANT,balance_sheet,4,2025Q2,2026Q1,0,OK
PVD,HOSE,DẦU KHÍ,SCREENER_RELEVANT,income_statement,4,2025Q2,2026Q1,0,OK
PVD,HOSE,DẦU KHÍ,SCREENER_RELEVANT,cash_flow,4,2025Q2,2026Q1,0,OK
PVP,HOSE,HÀNG & DỊCH VỤ CÔNG NGHIỆP,SCREENER_RELEVANT,balance_sheet,4,2025Q3,2026Q2,0,OK
PVP,HOSE,HÀNG & DỊCH VỤ CÔNG NGHIỆP,SCREENER_RELEVANT,income_statement,4,2025Q3,2026Q2,0,OK
PVP,HOSE,HÀNG & DỊCH VỤ CÔNG NGHIỆP,SCREENER_RELEVANT,cash_flow,4,2025Q3,2026Q2,0,OK
PVS,HNX,DẦU KHÍ,SCREENER_RELEVANT,balance_sheet,4,2025Q2,2026Q1,0,OK
PVS,HNX,DẦU KHÍ,SCREENER_RELEVANT,income_statement,4,2025Q2,2026Q1,0,OK
PVS,HNX,DẦU KHÍ,SCREENER_RELEVANT,cash_flow,4,2025Q2,2026Q1,0,OK
PVT,HOSE,HÀNG & DỊCH VỤ CÔNG NGHIỆP,SCREENER_RELEVANT,balance_sheet,4,2025Q2,2026Q1,0,OK
PVT,HOSE,HÀNG & DỊCH VỤ CÔNG NGHIỆP,SCREENER_RELEVANT,income_statement,4,2025Q2,2026Q1,0,OK
PVT,HOSE,HÀNG & DỊCH VỤ CÔNG NGHIỆP,SCREENER_RELEVANT,cash_flow,4,2025Q2,2026Q1,0,OK
QCG,HOSE,BẤT ĐỘNG SẢN,SCREENER_RELEVANT,balance_sheet,4,2025Q2,2026Q1,0,OK
QCG,HOSE,BẤT ĐỘNG SẢN,SCREENER_RELEVANT,income_statement,4,2025Q2,2026Q1,0,OK
QCG,HOSE,BẤT ĐỘNG SẢN,SCREENER_RELEVANT,cash_flow,4,2025Q2,2026Q1,0,OK
RAL,HOSE,HÀNG CÁ NHÂN & GIA DỤNG,SCREENER_RELEVANT,balance_sheet,4,2025Q2,2026Q1,0,OK
RAL,HOSE,HÀNG CÁ NHÂN & GIA DỤNG,SCREENER_RELEVANT,income_statement,4,2025Q2,2026Q1,0,OK
RAL,HOSE,HÀNG CÁ NHÂN & GIA DỤNG,SCREENER_RELEVANT,cash_flow,4,2025Q2,2026Q1,0,OK
REE,HOSE,"ĐIỆN, NƯỚC & XĂNG DẦU KHÍ ĐỐT",SCREENER_RELEVANT,balance_sheet,4,2025Q2,2026Q1,0,OK
REE,HOSE,"ĐIỆN, NƯỚC & XĂNG DẦU KHÍ ĐỐT",SCREENER_RELEVANT,income_statement,4,2025Q2,2026Q1,0,OK
REE,HOSE,"ĐIỆN, NƯỚC & XĂNG DẦU KHÍ ĐỐT",SCREENER_RELEVANT,cash_flow,4,2025Q2,2026Q1,0,OK
RYG,HOSE,XÂY DỰNG VÀ VẬT LIỆU,SCREENER_RELEVANT,balance_sheet,4,2025Q2,2026Q1,0,OK
RYG,HOSE,XÂY DỰNG VÀ VẬT LIỆU,SCREENER_RELEVANT,income_statement,4,2025Q2,2026Q1,0,OK
RYG,HOSE,XÂY DỰNG VÀ VẬT LIỆU,SCREENER_RELEVANT,cash_flow,4,2025Q2,2026Q1,0,OK
SAB,HOSE,THỰC PHẨM VÀ ĐỒ UỐNG,SCREENER_RELEVANT,balance_sheet,4,2025Q3,2026Q2,0,OK
SAB,HOSE,THỰC PHẨM VÀ ĐỒ UỐNG,SCREENER_RELEVANT,income_statement,4,2025Q3,2026Q2,0,OK
SAB,HOSE,THỰC PHẨM VÀ ĐỒ UỐNG,SCREENER_RELEVANT,cash_flow,4,2025Q3,2026Q2,0,OK
SAM,HOSE,CÔNG NGHỆ THÔNG TIN,SCREENER_RELEVANT,balance_sheet,4,2025Q2,2026Q1,0,OK
SAM,HOSE,CÔNG NGHỆ THÔNG TIN,SCREENER_RELEVANT,income_statement,4,2025Q2,2026Q1,0,OK
SAM,HOSE,CÔNG NGHỆ THÔNG TIN,SCREENER_RELEVANT,cash_flow,4,2025Q2,2026Q1,0,OK
SBG,HOSE,HÀNG & DỊCH VỤ CÔNG NGHIỆP,SCREENER_RELEVANT,balance_sheet,4,2025Q2,2026Q1,0,OK
SBG,HOSE,HÀNG & DỊCH VỤ CÔNG NGHIỆP,SCREENER_RELEVANT,income_statement,4,2025Q2,2026Q1,0,OK
SBG,HOSE,HÀNG & DỊCH VỤ CÔNG NGHIỆP,SCREENER_RELEVANT,cash_flow,4,2025Q2,2026Q1,0,OK
SBT,HOSE,THỰC PHẨM VÀ ĐỒ UỐNG,SCREENER_RELEVANT,balance_sheet,4,2025Q2,2026Q1,0,OK
SBT,HOSE,THỰC PHẨM VÀ ĐỒ UỐNG,SCREENER_RELEVANT,income_statement,4,2025Q2,2026Q1,0,OK
SBT,HOSE,THỰC PHẨM VÀ ĐỒ UỐNG,SCREENER_RELEVANT,cash_flow,4,2025Q2,2026Q1,0,OK
SCG,HNX,XÂY DỰNG VÀ VẬT LIỆU,SCREENER_RELEVANT,balance_sheet,4,2025Q2,2026Q1,0,OK
SCG,HNX,XÂY DỰNG VÀ VẬT LIỆU,SCREENER_RELEVANT,income_statement,4,2025Q2,2026Q1,0,OK
SCG,HNX,XÂY DỰNG VÀ VẬT LIỆU,SCREENER_RELEVANT,cash_flow,4,2025Q2,2026Q1,0,OK
SCR,HOSE,BẤT ĐỘNG SẢN,SCREENER_RELEVANT,balance_sheet,4,2025Q2,2026Q1,0,OK
SCR,HOSE,BẤT ĐỘNG SẢN,SCREENER_RELEVANT,income_statement,4,2025Q2,2026Q1,0,OK
SCR,HOSE,BẤT ĐỘNG SẢN,SCREENER_RELEVANT,cash_flow,4,2025Q2,2026Q1,0,OK
SCS,HOSE,DU LỊCH VÀ GIẢI TRÍ,SCREENER_RELEVANT,balance_sheet,4,2025Q3,2026Q2,0,OK
SCS,HOSE,DU LỊCH VÀ GIẢI TRÍ,SCREENER_RELEVANT,income_statement,4,2025Q3,2026Q2,0,OK
SCS,HOSE,DU LỊCH VÀ GIẢI TRÍ,SCREENER_RELEVANT,cash_flow,4,2025Q3,2026Q2,0,OK
SGR,HOSE,BẤT ĐỘNG SẢN,SCREENER_RELEVANT,balance_sheet,4,2025Q3,2026Q2,0,OK
SGR,HOSE,BẤT ĐỘNG SẢN,SCREENER_RELEVANT,income_statement,4,2025Q3,2026Q2,0,OK
SGR,HOSE,BẤT ĐỘNG SẢN,SCREENER_RELEVANT,cash_flow,4,2025Q3,2026Q2,0,OK
SHI,HOSE,TÀI NGUYÊN CƠ BẢN,SCREENER_RELEVANT,balance_sheet,4,2025Q2,2026Q1,0,OK
SHI,HOSE,TÀI NGUYÊN CƠ BẢN,SCREENER_RELEVANT,income_statement,4,2025Q2,2026Q1,0,OK
SHI,HOSE,TÀI NGUYÊN CƠ BẢN,SCREENER_RELEVANT,cash_flow,4,2025Q2,2026Q1,0,OK
SHN,HNX,TÀI NGUYÊN CƠ BẢN,SCREENER_RELEVANT,balance_sheet,4,2025Q2,2026Q1,0,OK
SHN,HNX,TÀI NGUYÊN CƠ BẢN,SCREENER_RELEVANT,income_statement,4,2025Q2,2026Q1,0,OK
SHN,HNX,TÀI NGUYÊN CƠ BẢN,SCREENER_RELEVANT,cash_flow,4,2025Q2,2026Q1,0,OK
SIP,HOSE,BẤT ĐỘNG SẢN,SCREENER_RELEVANT,balance_sheet,4,2025Q2,2026Q1,0,OK
SIP,HOSE,BẤT ĐỘNG SẢN,SCREENER_RELEVANT,income_statement,4,2025Q2,2026Q1,0,OK
SIP,HOSE,BẤT ĐỘNG SẢN,SCREENER_RELEVANT,cash_flow,4,2025Q2,2026Q1,0,OK
SJD,HOSE,"ĐIỆN, NƯỚC & XĂNG DẦU KHÍ ĐỐT",SCREENER_RELEVANT,balance_sheet,4,2025Q2,2026Q1,0,OK
SJD,HOSE,"ĐIỆN, NƯỚC & XĂNG DẦU KHÍ ĐỐT",SCREENER_RELEVANT,income_statement,4,2025Q2,2026Q1,0,OK
SJD,HOSE,"ĐIỆN, NƯỚC & XĂNG DẦU KHÍ ĐỐT",SCREENER_RELEVANT,cash_flow,4,2025Q2,2026Q1,0,OK
SJS,HOSE,BẤT ĐỘNG SẢN,SCREENER_RELEVANT,balance_sheet,4,2025Q2,2026Q1,0,OK
SJS,HOSE,BẤT ĐỘNG SẢN,SCREENER_RELEVANT,income_statement,4,2025Q2,2026Q1,0,OK
SJS,HOSE,BẤT ĐỘNG SẢN,SCREENER_RELEVANT,cash_flow,4,2025Q2,2026Q1,0,OK
SMC,HOSE,TÀI NGUYÊN CƠ BẢN,SCREENER_RELEVANT,balance_sheet,4,2025Q2,2026Q1,0,OK
SMC,HOSE,TÀI NGUYÊN CƠ BẢN,SCREENER_RELEVANT,income_statement,4,2025Q2,2026Q1,0,OK
SMC,HOSE,TÀI NGUYÊN CƠ BẢN,SCREENER_RELEVANT,cash_flow,4,2025Q2,2026Q1,0,OK
SRA,HNX,Y TẾ,SCREENER_RELEVANT,balance_sheet,4,2025Q2,2026Q1,0,OK
SRA,HNX,Y TẾ,SCREENER_RELEVANT,income_statement,4,2025Q2,2026Q1,0,OK
SRA,HNX,Y TẾ,SCREENER_RELEVANT,cash_flow,4,2025Q2,2026Q1,0,OK
SVN,HNX,XÂY DỰNG VÀ VẬT LIỆU,SCREENER_RELEVANT,balance_sheet,4,2025Q2,2026Q1,0,OK
SVN,HNX,XÂY DỰNG VÀ VẬT LIỆU,SCREENER_RELEVANT,income_statement,4,2025Q2,2026Q1,0,OK
SVN,HNX,XÂY DỰNG VÀ VẬT LIỆU,SCREENER_RELEVANT,cash_flow,4,2025Q2,2026Q1,0,OK
SZC,HOSE,BẤT ĐỘNG SẢN,SCREENER_RELEVANT,balance_sheet,4,2025Q3,2026Q2,0,OK
SZC,HOSE,BẤT ĐỘNG SẢN,SCREENER_RELEVANT,income_statement,4,2025Q3,2026Q2,0,OK
SZC,HOSE,BẤT ĐỘNG SẢN,SCREENER_RELEVANT,cash_flow,4,2025Q3,2026Q2,0,OK
SZL,HOSE,BẤT ĐỘNG SẢN,SCREENER_RELEVANT,balance_sheet,4,2025Q3,2026Q2,0,OK
SZL,HOSE,BẤT ĐỘNG SẢN,SCREENER_RELEVANT,income_statement,4,2025Q3,2026Q2,0,OK
SZL,HOSE,BẤT ĐỘNG SẢN,SCREENER_RELEVANT,cash_flow,4,2025Q3,2026Q2,0,OK
TAL,HOSE,BẤT ĐỘNG SẢN,SCREENER_RELEVANT,balance_sheet,4,2025Q2,2026Q1,0,OK
TAL,HOSE,BẤT ĐỘNG SẢN,SCREENER_RELEVANT,income_statement,4,2025Q2,2026Q1,0,OK
TAL,HOSE,BẤT ĐỘNG SẢN,SCREENER_RELEVANT,cash_flow,4,2025Q2,2026Q1,0,OK
TCD,HOSE,XÂY DỰNG VÀ VẬT LIỆU,SCREENER_RELEVANT,balance_sheet,4,2024Q1,2024Q4,0,OK
TCD,HOSE,XÂY DỰNG VÀ VẬT LIỆU,SCREENER_RELEVANT,income_statement,4,2024Q1,2024Q4,0,OK
TCD,HOSE,XÂY DỰNG VÀ VẬT LIỆU,SCREENER_RELEVANT,cash_flow,4,2024Q1,2024Q4,0,OK
TCH,HOSE,BẤT ĐỘNG SẢN,SCREENER_RELEVANT,balance_sheet,4,2025Q2,2026Q1,0,OK
TCH,HOSE,BẤT ĐỘNG SẢN,SCREENER_RELEVANT,income_statement,4,2025Q2,2026Q1,0,OK
TCH,HOSE,BẤT ĐỘNG SẢN,SCREENER_RELEVANT,cash_flow,4,2025Q2,2026Q1,0,OK
TCM,HOSE,HÀNG CÁ NHÂN & GIA DỤNG,SCREENER_RELEVANT,balance_sheet,4,2025Q2,2026Q1,0,OK
TCM,HOSE,HÀNG CÁ NHÂN & GIA DỤNG,SCREENER_RELEVANT,income_statement,4,2025Q2,2026Q1,0,OK
TCM,HOSE,HÀNG CÁ NHÂN & GIA DỤNG,SCREENER_RELEVANT,cash_flow,4,2025Q2,2026Q1,0,OK
TCO,HOSE,THỰC PHẨM VÀ ĐỒ UỐNG,SCREENER_RELEVANT,balance_sheet,4,2025Q2,2026Q1,0,OK
TCO,HOSE,THỰC PHẨM VÀ ĐỒ UỐNG,SCREENER_RELEVANT,income_statement,4,2025Q2,2026Q1,0,OK
TCO,HOSE,THỰC PHẨM VÀ ĐỒ UỐNG,SCREENER_RELEVANT,cash_flow,4,2025Q2,2026Q1,0,OK
TDC,HOSE,BẤT ĐỘNG SẢN,SCREENER_RELEVANT,balance_sheet,4,2025Q2,2026Q1,0,OK
TDC,HOSE,BẤT ĐỘNG SẢN,SCREENER_RELEVANT,income_statement,4,2025Q2,2026Q1,0,OK
TDC,HOSE,BẤT ĐỘNG SẢN,SCREENER_RELEVANT,cash_flow,4,2024Q4,2026Q1,2,OK
TDP,HOSE,HÀNG & DỊCH VỤ CÔNG NGHIỆP,SCREENER_RELEVANT,balance_sheet,4,2025Q2,2026Q1,0,OK
TDP,HOSE,HÀNG & DỊCH VỤ CÔNG NGHIỆP,SCREENER_RELEVANT,income_statement,4,2025Q2,2026Q1,0,OK
TDP,HOSE,HÀNG & DỊCH VỤ CÔNG NGHIỆP,SCREENER_RELEVANT,cash_flow,4,2025Q2,2026Q1,0,OK
THD,HNX,BẤT ĐỘNG SẢN,SCREENER_RELEVANT,balance_sheet,4,2025Q2,2026Q1,0,OK
THD,HNX,BẤT ĐỘNG SẢN,SCREENER_RELEVANT,income_statement,4,2025Q2,2026Q1,0,OK
THD,HNX,BẤT ĐỘNG SẢN,SCREENER_RELEVANT,cash_flow,4,2025Q2,2026Q1,0,OK
THG,HOSE,XÂY DỰNG VÀ VẬT LIỆU,SCREENER_RELEVANT,balance_sheet,4,2025Q3,2026Q2,0,OK
THG,HOSE,XÂY DỰNG VÀ VẬT LIỆU,SCREENER_RELEVANT,income_statement,4,2025Q3,2026Q2,0,OK
THG,HOSE,XÂY DỰNG VÀ VẬT LIỆU,SCREENER_RELEVANT,cash_flow,4,2025Q3,2026Q2,0,OK
TIG,HNX,BẤT ĐỘNG SẢN,SCREENER_RELEVANT,balance_sheet,4,2025Q2,2026Q1,0,OK
TIG,HNX,BẤT ĐỘNG SẢN,SCREENER_RELEVANT,income_statement,4,2025Q2,2026Q1,0,OK
TIG,HNX,BẤT ĐỘNG SẢN,SCREENER_RELEVANT,cash_flow,4,2025Q1,2026Q1,1,OK
TIP,HOSE,BẤT ĐỘNG SẢN,SCREENER_RELEVANT,balance_sheet,4,2025Q2,2026Q1,0,OK
TIP,HOSE,BẤT ĐỘNG SẢN,SCREENER_RELEVANT,income_statement,4,2025Q2,2026Q1,0,OK
TIP,HOSE,BẤT ĐỘNG SẢN,SCREENER_RELEVANT,cash_flow,4,2025Q2,2026Q1,0,OK
TLD,HOSE,XÂY DỰNG VÀ VẬT LIỆU,SCREENER_RELEVANT,balance_sheet,4,2025Q2,2026Q1,0,OK
TLD,HOSE,XÂY DỰNG VÀ VẬT LIỆU,SCREENER_RELEVANT,income_statement,4,2025Q2,2026Q1,0,OK
TLD,HOSE,XÂY DỰNG VÀ VẬT LIỆU,SCREENER_RELEVANT,cash_flow,4,2025Q2,2026Q1,0,OK
TLG,HOSE,HÀNG CÁ NHÂN & GIA DỤNG,SCREENER_RELEVANT,balance_sheet,4,2025Q2,2026Q1,0,OK
TLG,HOSE,HÀNG CÁ NHÂN & GIA DỤNG,SCREENER_RELEVANT,income_statement,4,2025Q2,2026Q1,0,OK
TLG,HOSE,HÀNG CÁ NHÂN & GIA DỤNG,SCREENER_RELEVANT,cash_flow,4,2025Q2,2026Q1,0,OK
TLH,HOSE,TÀI NGUYÊN CƠ BẢN,SCREENER_RELEVANT,balance_sheet,4,2025Q2,2026Q1,0,OK
TLH,HOSE,TÀI NGUYÊN CƠ BẢN,SCREENER_RELEVANT,income_statement,4,2025Q2,2026Q1,0,OK
TLH,HOSE,TÀI NGUYÊN CƠ BẢN,SCREENER_RELEVANT,cash_flow,4,2025Q2,2026Q1,0,OK
TNG,HNX,HÀNG CÁ NHÂN & GIA DỤNG,SCREENER_RELEVANT,balance_sheet,4,2025Q3,2026Q2,0,OK
TNG,HNX,HÀNG CÁ NHÂN & GIA DỤNG,SCREENER_RELEVANT,income_statement,4,2025Q3,2026Q2,0,OK
TNG,HNX,HÀNG CÁ NHÂN & GIA DỤNG,SCREENER_RELEVANT,cash_flow,4,2025Q3,2026Q2,0,OK
TNH,HOSE,Y TẾ,SCREENER_RELEVANT,balance_sheet,4,2025Q2,2026Q1,0,OK
TNH,HOSE,Y TẾ,SCREENER_RELEVANT,income_statement,4,2025Q2,2026Q1,0,OK
TNH,HOSE,Y TẾ,SCREENER_RELEVANT,cash_flow,4,2025Q2,2026Q1,0,OK
TPC,HOSE,HÓA CHẤT,SCREENER_RELEVANT,balance_sheet,4,2025Q3,2026Q2,0,OK
TPC,HOSE,HÓA CHẤT,SCREENER_RELEVANT,income_statement,4,2025Q3,2026Q2,0,OK
TPC,HOSE,HÓA CHẤT,SCREENER_RELEVANT,cash_flow,4,2025Q3,2026Q2,0,OK
TRA,HOSE,Y TẾ,SCREENER_RELEVANT,balance_sheet,4,2025Q2,2026Q1,0,OK
TRA,HOSE,Y TẾ,SCREENER_RELEVANT,income_statement,4,2025Q2,2026Q1,0,OK
TRA,HOSE,Y TẾ,SCREENER_RELEVANT,cash_flow,4,2025Q2,2026Q1,0,OK
TRC,HOSE,HÓA CHẤT,SCREENER_RELEVANT,balance_sheet,4,2025Q3,2026Q2,0,OK
TRC,HOSE,HÓA CHẤT,SCREENER_RELEVANT,income_statement,4,2025Q3,2026Q2,0,OK
TRC,HOSE,HÓA CHẤT,SCREENER_RELEVANT,cash_flow,4,2025Q3,2026Q2,0,OK
TSA,HOSE,XÂY DỰNG VÀ VẬT LIỆU,SCREENER_RELEVANT,balance_sheet,4,2025Q3,2026Q2,0,OK
TSA,HOSE,XÂY DỰNG VÀ VẬT LIỆU,SCREENER_RELEVANT,income_statement,4,2025Q2,2026Q1,0,OK
TSA,HOSE,XÂY DỰNG VÀ VẬT LIỆU,SCREENER_RELEVANT,cash_flow,4,2025Q3,2026Q2,0,OK
TSC,HOSE,HÓA CHẤT,SCREENER_RELEVANT,balance_sheet,4,2025Q2,2026Q1,0,OK
TSC,HOSE,HÓA CHẤT,SCREENER_RELEVANT,income_statement,4,2025Q2,2026Q1,0,OK
TSC,HOSE,HÓA CHẤT,SCREENER_RELEVANT,cash_flow,4,2025Q2,2026Q1,0,OK
TTA,HOSE,"ĐIỆN, NƯỚC & XĂNG DẦU KHÍ ĐỐT",SCREENER_RELEVANT,balance_sheet,4,2025Q2,2026Q1,0,OK
TTA,HOSE,"ĐIỆN, NƯỚC & XĂNG DẦU KHÍ ĐỐT",SCREENER_RELEVANT,income_statement,4,2025Q2,2026Q1,0,OK
TTA,HOSE,"ĐIỆN, NƯỚC & XĂNG DẦU KHÍ ĐỐT",SCREENER_RELEVANT,cash_flow,4,2025Q2,2026Q1,0,OK
TTF,HOSE,TÀI NGUYÊN CƠ BẢN,SCREENER_RELEVANT,balance_sheet,4,2025Q2,2026Q1,0,OK
TTF,HOSE,TÀI NGUYÊN CƠ BẢN,SCREENER_RELEVANT,income_statement,4,2025Q2,2026Q1,0,OK
TTF,HOSE,TÀI NGUYÊN CƠ BẢN,SCREENER_RELEVANT,cash_flow,4,2025Q2,2026Q1,0,OK
TV2,HOSE,HÀNG & DỊCH VỤ CÔNG NGHIỆP,SCREENER_RELEVANT,balance_sheet,4,2025Q2,2026Q1,0,OK
TV2,HOSE,HÀNG & DỊCH VỤ CÔNG NGHIỆP,SCREENER_RELEVANT,income_statement,4,2025Q2,2026Q1,0,OK
TV2,HOSE,HÀNG & DỊCH VỤ CÔNG NGHIỆP,SCREENER_RELEVANT,cash_flow,4,2025Q2,2026Q1,0,OK
UNI,HNX,CÔNG NGHỆ THÔNG TIN,SCREENER_RELEVANT,balance_sheet,4,2025Q3,2026Q2,0,OK
UNI,HNX,CÔNG NGHỆ THÔNG TIN,SCREENER_RELEVANT,income_statement,4,2025Q3,2026Q2,0,OK
UNI,HNX,CÔNG NGHỆ THÔNG TIN,SCREENER_RELEVANT,cash_flow,4,2025Q2,2026Q2,1,OK
VC3,HNX,BẤT ĐỘNG SẢN,SCREENER_RELEVANT,balance_sheet,4,2025Q2,2026Q1,0,OK
VC3,HNX,BẤT ĐỘNG SẢN,SCREENER_RELEVANT,income_statement,4,2025Q2,2026Q1,0,OK
VC3,HNX,BẤT ĐỘNG SẢN,SCREENER_RELEVANT,cash_flow,4,2025Q2,2026Q1,0,OK
VC7,HNX,XÂY DỰNG VÀ VẬT LIỆU,SCREENER_RELEVANT,balance_sheet,4,2025Q2,2026Q1,0,OK
VC7,HNX,XÂY DỰNG VÀ VẬT LIỆU,SCREENER_RELEVANT,income_statement,4,2025Q2,2026Q1,0,OK
VC7,HNX,XÂY DỰNG VÀ VẬT LIỆU,SCREENER_RELEVANT,cash_flow,4,2025Q2,2026Q1,0,OK
VCG,HOSE,XÂY DỰNG VÀ VẬT LIỆU,SCREENER_RELEVANT,balance_sheet,4,2025Q2,2026Q1,0,OK
VCG,HOSE,XÂY DỰNG VÀ VẬT LIỆU,SCREENER_RELEVANT,income_statement,4,2025Q2,2026Q1,0,OK
VCG,HOSE,XÂY DỰNG VÀ VẬT LIỆU,SCREENER_RELEVANT,cash_flow,4,2025Q2,2026Q1,0,OK
VCS,HNX,XÂY DỰNG VÀ VẬT LIỆU,SCREENER_RELEVANT,balance_sheet,4,2025Q2,2026Q1,0,OK
VCS,HNX,XÂY DỰNG VÀ VẬT LIỆU,SCREENER_RELEVANT,income_statement,4,2025Q2,2026Q1,0,OK
VCS,HNX,XÂY DỰNG VÀ VẬT LIỆU,SCREENER_RELEVANT,cash_flow,4,2025Q2,2026Q1,0,OK
VFG,HOSE,HÓA CHẤT,SCREENER_RELEVANT,balance_sheet,4,2025Q3,2026Q2,0,OK
VFG,HOSE,HÓA CHẤT,SCREENER_RELEVANT,income_statement,4,2025Q3,2026Q2,0,OK
VFG,HOSE,HÓA CHẤT,SCREENER_RELEVANT,cash_flow,4,2025Q3,2026Q2,0,OK
VGC,HOSE,XÂY DỰNG VÀ VẬT LIỆU,SCREENER_RELEVANT,balance_sheet,4,2025Q2,2026Q1,0,OK
VGC,HOSE,XÂY DỰNG VÀ VẬT LIỆU,SCREENER_RELEVANT,income_statement,4,2025Q2,2026Q1,0,OK
VGC,HOSE,XÂY DỰNG VÀ VẬT LIỆU,SCREENER_RELEVANT,cash_flow,4,2025Q2,2026Q1,0,OK
VGS,HNX,TÀI NGUYÊN CƠ BẢN,SCREENER_RELEVANT,balance_sheet,4,2025Q2,2026Q1,0,OK
VGS,HNX,TÀI NGUYÊN CƠ BẢN,SCREENER_RELEVANT,income_statement,4,2025Q2,2026Q1,0,OK
VGS,HNX,TÀI NGUYÊN CƠ BẢN,SCREENER_RELEVANT,cash_flow,4,2025Q2,2026Q1,0,OK
VHC,HOSE,THỰC PHẨM VÀ ĐỒ UỐNG,SCREENER_RELEVANT,balance_sheet,4,2025Q2,2026Q1,0,OK
VHC,HOSE,THỰC PHẨM VÀ ĐỒ UỐNG,SCREENER_RELEVANT,income_statement,4,2025Q2,2026Q1,0,OK
VHC,HOSE,THỰC PHẨM VÀ ĐỒ UỐNG,SCREENER_RELEVANT,cash_flow,4,2025Q2,2026Q1,0,OK
VHE,HNX,Y TẾ,SCREENER_RELEVANT,balance_sheet,4,2025Q2,2026Q1,0,OK
VHE,HNX,Y TẾ,SCREENER_RELEVANT,income_statement,4,2025Q2,2026Q1,0,OK
VHE,HNX,Y TẾ,SCREENER_RELEVANT,cash_flow,4,2025Q2,2026Q1,0,OK
VHM,HOSE,BẤT ĐỘNG SẢN,SCREENER_RELEVANT,balance_sheet,4,2025Q2,2026Q1,0,OK
VHM,HOSE,BẤT ĐỘNG SẢN,SCREENER_RELEVANT,income_statement,4,2025Q2,2026Q1,0,OK
VHM,HOSE,BẤT ĐỘNG SẢN,SCREENER_RELEVANT,cash_flow,4,2025Q2,2026Q1,0,OK
VIC,HOSE,BẤT ĐỘNG SẢN,SCREENER_RELEVANT,balance_sheet,4,2025Q2,2026Q1,0,OK
VIC,HOSE,BẤT ĐỘNG SẢN,SCREENER_RELEVANT,income_statement,4,2025Q2,2026Q1,0,OK
VIC,HOSE,BẤT ĐỘNG SẢN,SCREENER_RELEVANT,cash_flow,4,2025Q2,2026Q1,0,OK
VIP,HOSE,HÀNG & DỊCH VỤ CÔNG NGHIỆP,SCREENER_RELEVANT,balance_sheet,4,2025Q2,2026Q1,0,OK
VIP,HOSE,HÀNG & DỊCH VỤ CÔNG NGHIỆP,SCREENER_RELEVANT,income_statement,4,2025Q2,2026Q1,0,OK
VIP,HOSE,HÀNG & DỊCH VỤ CÔNG NGHIỆP,SCREENER_RELEVANT,cash_flow,4,2025Q2,2026Q1,0,OK
VIT,HNX,XÂY DỰNG VÀ VẬT LIỆU,SCREENER_RELEVANT,balance_sheet,4,2025Q3,2026Q2,0,OK
VIT,HNX,XÂY DỰNG VÀ VẬT LIỆU,SCREENER_RELEVANT,income_statement,4,2025Q3,2026Q2,0,OK
VIT,HNX,XÂY DỰNG VÀ VẬT LIỆU,SCREENER_RELEVANT,cash_flow,4,2025Q3,2026Q2,0,OK
VJC,HOSE,DU LỊCH VÀ GIẢI TRÍ,SCREENER_RELEVANT,balance_sheet,4,2025Q2,2026Q1,0,OK
VJC,HOSE,DU LỊCH VÀ GIẢI TRÍ,SCREENER_RELEVANT,income_statement,4,2025Q2,2026Q1,0,OK
VJC,HOSE,DU LỊCH VÀ GIẢI TRÍ,SCREENER_RELEVANT,cash_flow,4,2025Q2,2026Q1,0,OK
VNM,HOSE,THỰC PHẨM VÀ ĐỒ UỐNG,SCREENER_RELEVANT,balance_sheet,4,2025Q2,2026Q1,0,OK
VNM,HOSE,THỰC PHẨM VÀ ĐỒ UỐNG,SCREENER_RELEVANT,income_statement,4,2025Q2,2026Q1,0,OK
VNM,HOSE,THỰC PHẨM VÀ ĐỒ UỐNG,SCREENER_RELEVANT,cash_flow,4,2025Q2,2026Q1,0,OK
VOS,HOSE,HÀNG & DỊCH VỤ CÔNG NGHIỆP,SCREENER_RELEVANT,balance_sheet,4,2025Q2,2026Q1,0,OK
VOS,HOSE,HÀNG & DỊCH VỤ CÔNG NGHIỆP,SCREENER_RELEVANT,income_statement,4,2025Q2,2026Q1,0,OK
VOS,HOSE,HÀNG & DỊCH VỤ CÔNG NGHIỆP,SCREENER_RELEVANT,cash_flow,4,2025Q2,2026Q1,0,OK
VPG,HOSE,TÀI NGUYÊN CƠ BẢN,SCREENER_RELEVANT,balance_sheet,4,2025Q2,2026Q1,0,OK
VPG,HOSE,TÀI NGUYÊN CƠ BẢN,SCREENER_RELEVANT,income_statement,4,2025Q2,2026Q1,0,OK
VPG,HOSE,TÀI NGUYÊN CƠ BẢN,SCREENER_RELEVANT,cash_flow,4,2025Q2,2026Q1,0,OK
VPI,HOSE,BẤT ĐỘNG SẢN,SCREENER_RELEVANT,balance_sheet,4,2025Q2,2026Q1,0,OK
VPI,HOSE,BẤT ĐỘNG SẢN,SCREENER_RELEVANT,income_statement,4,2025Q2,2026Q1,0,OK
VPI,HOSE,BẤT ĐỘNG SẢN,SCREENER_RELEVANT,cash_flow,4,2025Q2,2026Q1,0,OK
VPL,HOSE,DU LỊCH VÀ GIẢI TRÍ,SCREENER_RELEVANT,balance_sheet,4,2025Q2,2026Q1,0,OK
VPL,HOSE,DU LỊCH VÀ GIẢI TRÍ,SCREENER_RELEVANT,income_statement,4,2025Q2,2026Q1,0,OK
VPL,HOSE,DU LỊCH VÀ GIẢI TRÍ,SCREENER_RELEVANT,cash_flow,4,2025Q2,2026Q1,0,OK
VRE,HOSE,BẤT ĐỘNG SẢN,SCREENER_RELEVANT,balance_sheet,4,2025Q2,2026Q1,0,OK
VRE,HOSE,BẤT ĐỘNG SẢN,SCREENER_RELEVANT,income_statement,4,2025Q2,2026Q1,0,OK
VRE,HOSE,BẤT ĐỘNG SẢN,SCREENER_RELEVANT,cash_flow,4,2025Q2,2026Q1,0,OK
VSC,HOSE,HÀNG & DỊCH VỤ CÔNG NGHIỆP,SCREENER_RELEVANT,balance_sheet,4,2025Q2,2026Q1,0,OK
VSC,HOSE,HÀNG & DỊCH VỤ CÔNG NGHIỆP,SCREENER_RELEVANT,income_statement,4,2025Q2,2026Q1,0,OK
VSC,HOSE,HÀNG & DỊCH VỤ CÔNG NGHIỆP,SCREENER_RELEVANT,cash_flow,4,2025Q2,2026Q1,0,OK
VTO,HOSE,HÀNG & DỊCH VỤ CÔNG NGHIỆP,SCREENER_RELEVANT,balance_sheet,4,2025Q3,2026Q2,0,OK
VTO,HOSE,HÀNG & DỊCH VỤ CÔNG NGHIỆP,SCREENER_RELEVANT,income_statement,4,2025Q3,2026Q2,0,OK
VTO,HOSE,HÀNG & DỊCH VỤ CÔNG NGHIỆP,SCREENER_RELEVANT,cash_flow,4,2025Q3,2026Q2,0,OK
VTP,HOSE,HÀNG & DỊCH VỤ CÔNG NGHIỆP,SCREENER_RELEVANT,balance_sheet,4,2025Q2,2026Q1,0,OK
VTP,HOSE,HÀNG & DỊCH VỤ CÔNG NGHIỆP,SCREENER_RELEVANT,income_statement,4,2025Q2,2026Q1,0,OK
VTP,HOSE,HÀNG & DỊCH VỤ CÔNG NGHIỆP,SCREENER_RELEVANT,cash_flow,4,2025Q2,2026Q1,0,OK
VTZ,HNX,HÓA CHẤT,SCREENER_RELEVANT,balance_sheet,4,2025Q2,2026Q1,0,OK
VTZ,HNX,HÓA CHẤT,SCREENER_RELEVANT,income_statement,4,2025Q2,2026Q1,0,OK
VTZ,HNX,HÓA CHẤT,SCREENER_RELEVANT,cash_flow,4,2025Q2,2026Q1,0,OK
VVS,HOSE,Ô TÔ VÀ PHỤ TÙNG,SCREENER_RELEVANT,balance_sheet,4,2025Q3,2026Q2,0,OK
VVS,HOSE,Ô TÔ VÀ PHỤ TÙNG,SCREENER_RELEVANT,income_statement,4,2025Q3,2026Q2,0,OK
VVS,HOSE,Ô TÔ VÀ PHỤ TÙNG,SCREENER_RELEVANT,cash_flow,4,2025Q3,2026Q2,0,OK
YEG,HOSE,TRUYỀN THÔNG,SCREENER_RELEVANT,balance_sheet,4,2025Q2,2026Q1,0,OK
YEG,HOSE,TRUYỀN THÔNG,SCREENER_RELEVANT,income_statement,4,2025Q2,2026Q1,0,OK
YEG,HOSE,TRUYỀN THÔNG,SCREENER_RELEVANT,cash_flow,4,2025Q2,2026Q1,0,OK
