ticker,company_type,statement_type,period_type,requested_at,returned_period_count,source,as_of,data_status,error
AAA,NON_FINANCIAL,BALANCE_SHEET,QUARTER,2026-07-25T07:13:48+00:00,4,vnstock_VCI_financial,2026-07-24,OK,
AAA,NON_FINANCIAL,INCOME_STATEMENT,QUARTER,2026-07-25T07:13:50+00:00,4,vnstock_VCI_financial,2026-07-24,OK,
AAA,NON_FINANCIAL,CASH_FLOW,QUARTER,2026-07-25T07:13:50+00:00,4,vnstock_VCI_financial,2026-07-24,OK,
ABT,NON_FINANCIAL,BALANCE_SHEET,QUARTER,2026-07-25T07:13:50+00:00,4,vnstock_VCI_financial,2026-07-24,OK,
ABT,NON_FINANCIAL,INCOME_STATEMENT,QUARTER,2026-07-25T07:13:50+00:00,4,vnstock_VCI_financial,2026-07-24,OK,
ABT,NON_FINANCIAL,CASH_FLOW,QUARTER,2026-07-25T07:13:51+00:00,4,vnstock_VCI_financial,2026-07-24,OK,
ADS,NON_FINANCIAL,BALANCE_SHEET,QUARTER,2026-07-25T07:13:51+00:00,4,vnstock_VCI_financial,2026-07-24,OK,
ADS,NON_FINANCIAL,INCOME_STATEMENT,QUARTER,2026-07-25T07:13:51+00:00,4,vnstock_VCI_financial,2026-07-24,OK,
ADS,NON_FINANCIAL,CASH_FLOW,QUARTER,2026-07-25T07:13:51+00:00,4,vnstock_VCI_financial,2026-07-24,OK,
AFX,NON_FINANCIAL,BALANCE_SHEET,QUARTER,2026-07-25T07:13:51+00:00,4,vnstock_VCI_financial,2026-07-24,OK,
AFX,NON_FINANCIAL,INCOME_STATEMENT,QUARTER,2026-07-25T07:13:51+00:00,4,vnstock_VCI_financial,2026-07-24,OK,
AFX,NON_FINANCIAL,CASH_FLOW,QUARTER,2026-07-25T07:13:51+00:00,4,vnstock_VCI_financial,2026-07-24,OK,
AGG,NON_FINANCIAL,BALANCE_SHEET,QUARTER,2026-07-25T07:13:51+00:00,4,vnstock_VCI_financial,2026-07-24,OK,
AGG,NON_FINANCIAL,INCOME_STATEMENT,QUARTER,2026-07-25T07:13:52+00:00,4,vnstock_VCI_financial,2026-07-24,OK,
AGG,NON_FINANCIAL,CASH_FLOW,QUARTER,2026-07-25T07:13:52+00:00,4,vnstock_VCI_financial,2026-07-24,OK,
ANV,NON_FINANCIAL,BALANCE_SHEET,QUARTER,2026-07-25T07:13:52+00:00,0,vnstock_VCI_financial,2026-07-24,OK,
ANV,NON_FINANCIAL,INCOME_STATEMENT,QUARTER,2026-07-25T07:13:52+00:00,4,vnstock_VCI_financial,2026-07-24,OK,
ANV,NON_FINANCIAL,CASH_FLOW,QUARTER,2026-07-25T07:13:52+00:00,4,vnstock_VCI_financial,2026-07-24,OK,
APH,NON_FINANCIAL,BALANCE_SHEET,QUARTER,2026-07-25T07:13:52+00:00,4,vnstock_VCI_financial,2026-07-24,OK,
APH,NON_FINANCIAL,INCOME_STATEMENT,QUARTER,2026-07-25T07:13:52+00:00,4,vnstock_VCI_financial,2026-07-24,OK,
APH,NON_FINANCIAL,CASH_FLOW,QUARTER,2026-07-25T07:13:52+00:00,4,vnstock_VCI_financial,2026-07-24,OK,
API,NON_FINANCIAL,BALANCE_SHEET,QUARTER,2026-07-25T07:13:53+00:00,4,vnstock_VCI_financial,2026-07-24,OK,
API,NON_FINANCIAL,INCOME_STATEMENT,QUARTER,2026-07-25T07:13:53+00:00,4,vnstock_VCI_financial,2026-07-24,OK,
API,NON_FINANCIAL,CASH_FLOW,QUARTER,2026-07-25T07:13:53+00:00,4,vnstock_VCI_financial,2026-07-24,OK,
ASM,NON_FINANCIAL,BALANCE_SHEET,QUARTER,2026-07-25T07:13:53+00:00,4,vnstock_VCI_financial,2026-07-24,OK,
ASM,NON_FINANCIAL,INCOME_STATEMENT,QUARTER,2026-07-25T07:13:53+00:00,4,vnstock_VCI_financial,2026-07-24,OK,
ASM,NON_FINANCIAL,CASH_FLOW,QUARTER,2026-07-25T07:13:53+00:00,4,vnstock_VCI_financial,2026-07-24,OK,
ASP,NON_FINANCIAL,BALANCE_SHEET,QUARTER,2026-07-25T07:13:53+00:00,4,vnstock_VCI_financial,2026-07-24,OK,
ASP,NON_FINANCIAL,INCOME_STATEMENT,QUARTER,2026-07-25T07:13:53+00:00,4,vnstock_VCI_financial,2026-07-24,OK,
ASP,NON_FINANCIAL,CASH_FLOW,QUARTER,2026-07-25T07:13:53+00:00,4,vnstock_VCI_financial,2026-07-24,OK,
BAF,NON_FINANCIAL,BALANCE_SHEET,QUARTER,2026-07-25T07:13:54+00:00,0,vnstock_VCI_financial,2026-07-24,OK,
BAF,NON_FINANCIAL,INCOME_STATEMENT,QUARTER,2026-07-25T07:13:54+00:00,4,vnstock_VCI_financial,2026-07-24,OK,
BAF,NON_FINANCIAL,CASH_FLOW,QUARTER,2026-07-25T07:13:54+00:00,4,vnstock_VCI_financial,2026-07-24,OK,
BCM,NON_FINANCIAL,BALANCE_SHEET,QUARTER,2026-07-25T07:13:54+00:00,4,vnstock_VCI_financial,2026-07-24,OK,
BCM,NON_FINANCIAL,INCOME_STATEMENT,QUARTER,2026-07-25T07:13:54+00:00,4,vnstock_VCI_financial,2026-07-24,OK,
BCM,NON_FINANCIAL,CASH_FLOW,QUARTER,2026-07-25T07:13:54+00:00,4,vnstock_VCI_financial,2026-07-24,OK,
BFC,NON_FINANCIAL,BALANCE_SHEET,QUARTER,2026-07-25T07:13:54+00:00,4,vnstock_VCI_financial,2026-07-24,OK,
BFC,NON_FINANCIAL,INCOME_STATEMENT,QUARTER,2026-07-25T07:13:54+00:00,4,vnstock_VCI_financial,2026-07-24,OK,
BFC,NON_FINANCIAL,CASH_FLOW,QUARTER,2026-07-25T07:13:54+00:00,4,vnstock_VCI_financial,2026-07-24,OK,
BKG,NON_FINANCIAL,BALANCE_SHEET,QUARTER,2026-07-25T07:13:54+00:00,4,vnstock_VCI_financial,2026-07-24,OK,
BKG,NON_FINANCIAL,INCOME_STATEMENT,QUARTER,2026-07-25T07:13:54+00:00,4,vnstock_VCI_financial,2026-07-24,OK,
BKG,NON_FINANCIAL,CASH_FLOW,QUARTER,2026-07-25T07:13:55+00:00,4,vnstock_VCI_financial,2026-07-24,OK,
BMP,NON_FINANCIAL,BALANCE_SHEET,QUARTER,2026-07-25T07:13:55+00:00,4,vnstock_VCI_financial,2026-07-24,OK,
BMP,NON_FINANCIAL,INCOME_STATEMENT,QUARTER,2026-07-25T07:13:55+00:00,4,vnstock_VCI_financial,2026-07-24,OK,
BMP,NON_FINANCIAL,CASH_FLOW,QUARTER,2026-07-25T07:13:55+00:00,4,vnstock_VCI_financial,2026-07-24,OK,
BNA,NON_FINANCIAL,BALANCE_SHEET,QUARTER,2026-07-25T07:13:55+00:00,4,vnstock_VCI_financial,2026-07-24,OK,
BNA,NON_FINANCIAL,INCOME_STATEMENT,QUARTER,2026-07-25T07:13:55+00:00,4,vnstock_VCI_financial,2026-07-24,OK,
BNA,NON_FINANCIAL,CASH_FLOW,QUARTER,2026-07-25T07:13:55+00:00,4,vnstock_VCI_financial,2026-07-24,OK,
BSR,NON_FINANCIAL,BALANCE_SHEET,QUARTER,2026-07-25T07:13:56+00:00,4,vnstock_VCI_financial,2026-07-24,OK,
BSR,NON_FINANCIAL,INCOME_STATEMENT,QUARTER,2026-07-25T07:13:56+00:00,4,vnstock_VCI_financial,2026-07-24,OK,
BSR,NON_FINANCIAL,CASH_FLOW,QUARTER,2026-07-25T07:13:56+00:00,4,vnstock_VCI_financial,2026-07-24,OK,
BWE,NON_FINANCIAL,BALANCE_SHEET,QUARTER,2026-07-25T07:13:56+00:00,4,vnstock_VCI_financial,2026-07-24,OK,
BWE,NON_FINANCIAL,INCOME_STATEMENT,QUARTER,2026-07-25T07:13:57+00:00,4,vnstock_VCI_financial,2026-07-24,OK,
BWE,NON_FINANCIAL,CASH_FLOW,QUARTER,2026-07-25T07:13:57+00:00,4,vnstock_VCI_financial,2026-07-24,OK,
C32,NON_FINANCIAL,BALANCE_SHEET,QUARTER,2026-07-25T07:13:57+00:00,4,vnstock_VCI_financial,2026-07-24,OK,
C32,NON_FINANCIAL,INCOME_STATEMENT,QUARTER,2026-07-25T07:13:57+00:00,4,vnstock_VCI_financial,2026-07-24,OK,
C32,NON_FINANCIAL,CASH_FLOW,QUARTER,2026-07-25T07:13:57+00:00,4,vnstock_VCI_financial,2026-07-24,OK,
C69,NON_FINANCIAL,BALANCE_SHEET,QUARTER,2026-07-25T07:13:57+00:00,4,vnstock_VCI_financial,2026-07-24,OK,
C69,NON_FINANCIAL,INCOME_STATEMENT,QUARTER,2026-07-25T07:13:57+00:00,4,vnstock_VCI_financial,2026-07-24,OK,
C69,NON_FINANCIAL,CASH_FLOW,QUARTER,2026-07-25T07:13:58+00:00,4,vnstock_VCI_financial,2026-07-24,OK,
CAP,NON_FINANCIAL,BALANCE_SHEET,QUARTER,2026-07-25T07:13:58+00:00,4,vnstock_VCI_financial,2026-07-24,OK,
CAP,NON_FINANCIAL,INCOME_STATEMENT,QUARTER,2026-07-25T07:13:58+00:00,4,vnstock_VCI_financial,2026-07-24,OK,
CAP,NON_FINANCIAL,CASH_FLOW,QUARTER,2026-07-25T07:13:58+00:00,4,vnstock_VCI_financial,2026-07-24,OK,
CDC,NON_FINANCIAL,BALANCE_SHEET,QUARTER,2026-07-25T07:13:58+00:00,4,vnstock_VCI_financial,2026-07-24,OK,
CDC,NON_FINANCIAL,INCOME_STATEMENT,QUARTER,2026-07-25T07:13:58+00:00,4,vnstock_VCI_financial,2026-07-24,OK,
CDC,NON_FINANCIAL,CASH_FLOW,QUARTER,2026-07-25T07:13:58+00:00,4,vnstock_VCI_financial,2026-07-24,OK,
CEO,NON_FINANCIAL,BALANCE_SHEET,QUARTER,2026-07-25T07:13:58+00:00,4,vnstock_VCI_financial,2026-07-24,OK,
CEO,NON_FINANCIAL,INCOME_STATEMENT,QUARTER,2026-07-25T07:13:58+00:00,4,vnstock_VCI_financial,2026-07-24,OK,
CEO,NON_FINANCIAL,CASH_FLOW,QUARTER,2026-07-25T07:13:59+00:00,4,vnstock_VCI_financial,2026-07-24,OK,
CIG,NON_FINANCIAL,BALANCE_SHEET,QUARTER,2026-07-25T07:13:59+00:00,4,vnstock_VCI_financial,2026-07-24,OK,
CIG,NON_FINANCIAL,INCOME_STATEMENT,QUARTER,2026-07-25T07:13:59+00:00,4,vnstock_VCI_financial,2026-07-24,OK,
CIG,NON_FINANCIAL,CASH_FLOW,QUARTER,2026-07-25T07:13:59+00:00,4,vnstock_VCI_financial,2026-07-24,OK,
CII,NON_FINANCIAL,BALANCE_SHEET,QUARTER,2026-07-25T07:13:59+00:00,4,vnstock_VCI_financial,2026-07-24,OK,
CII,NON_FINANCIAL,INCOME_STATEMENT,QUARTER,2026-07-25T07:13:59+00:00,4,vnstock_VCI_financial,2026-07-24,OK,
CII,NON_FINANCIAL,CASH_FLOW,QUARTER,2026-07-25T07:13:59+00:00,4,vnstock_VCI_financial,2026-07-24,OK,
CLW,NON_FINANCIAL,BALANCE_SHEET,QUARTER,2026-07-25T07:13:59+00:00,4,vnstock_VCI_financial,2026-07-24,OK,
CLW,NON_FINANCIAL,INCOME_STATEMENT,QUARTER,2026-07-25T07:13:59+00:00,4,vnstock_VCI_financial,2026-07-24,OK,
CLW,NON_FINANCIAL,CASH_FLOW,QUARTER,2026-07-25T07:14:00+00:00,4,vnstock_VCI_financial,2026-07-24,OK,
CMG,NON_FINANCIAL,BALANCE_SHEET,QUARTER,2026-07-25T07:14:00+00:00,4,vnstock_VCI_financial,2026-07-24,OK,
CMG,NON_FINANCIAL,INCOME_STATEMENT,QUARTER,2026-07-25T07:14:00+00:00,4,vnstock_VCI_financial,2026-07-24,OK,
CMG,NON_FINANCIAL,CASH_FLOW,QUARTER,2026-07-25T07:14:00+00:00,4,vnstock_VCI_financial,2026-07-24,OK,
CMS,NON_FINANCIAL,BALANCE_SHEET,QUARTER,2026-07-25T07:14:00+00:00,4,vnstock_VCI_financial,2026-07-24,OK,
CMS,NON_FINANCIAL,INCOME_STATEMENT,QUARTER,2026-07-25T07:14:00+00:00,4,vnstock_VCI_financial,2026-07-24,OK,
CMS,NON_FINANCIAL,CASH_FLOW,QUARTER,2026-07-25T07:14:00+00:00,4,vnstock_VCI_financial,2026-07-24,OK,
CRC,NON_FINANCIAL,BALANCE_SHEET,QUARTER,2026-07-25T07:14:01+00:00,4,vnstock_VCI_financial,2026-07-24,OK,
CRC,NON_FINANCIAL,INCOME_STATEMENT,QUARTER,2026-07-25T07:14:01+00:00,4,vnstock_VCI_financial,2026-07-24,OK,
CRC,NON_FINANCIAL,CASH_FLOW,QUARTER,2026-07-25T07:14:01+00:00,4,vnstock_VCI_financial,2026-07-24,OK,
CRE,NON_FINANCIAL,BALANCE_SHEET,QUARTER,2026-07-25T07:14:01+00:00,4,vnstock_VCI_financial,2026-07-24,OK,
CRE,NON_FINANCIAL,INCOME_STATEMENT,QUARTER,2026-07-25T07:14:01+00:00,4,vnstock_VCI_financial,2026-07-24,OK,
CRE,NON_FINANCIAL,CASH_FLOW,QUARTER,2026-07-25T07:14:01+00:00,4,vnstock_VCI_financial,2026-07-24,OK,
CSM,NON_FINANCIAL,BALANCE_SHEET,QUARTER,2026-07-25T07:14:01+00:00,4,vnstock_VCI_financial,2026-07-24,OK,
CSM,NON_FINANCIAL,INCOME_STATEMENT,QUARTER,2026-07-25T07:14:02+00:00,4,vnstock_VCI_financial,2026-07-24,OK,
CSM,NON_FINANCIAL,CASH_FLOW,QUARTER,2026-07-25T07:14:02+00:00,4,vnstock_VCI_financial,2026-07-24,OK,
CSV,NON_FINANCIAL,BALANCE_SHEET,QUARTER,2026-07-25T07:14:02+00:00,4,vnstock_VCI_financial,2026-07-24,OK,
CSV,NON_FINANCIAL,INCOME_STATEMENT,QUARTER,2026-07-25T07:14:02+00:00,4,vnstock_VCI_financial,2026-07-24,OK,
CSV,NON_FINANCIAL,CASH_FLOW,QUARTER,2026-07-25T07:14:02+00:00,4,vnstock_VCI_financial,2026-07-24,OK,
CTD,NON_FINANCIAL,BALANCE_SHEET,QUARTER,2026-07-25T07:14:02+00:00,4,vnstock_VCI_financial,2026-07-24,OK,
CTD,NON_FINANCIAL,INCOME_STATEMENT,QUARTER,2026-07-25T07:14:02+00:00,4,vnstock_VCI_financial,2026-07-24,OK,
CTD,NON_FINANCIAL,CASH_FLOW,QUARTER,2026-07-25T07:14:02+00:00,4,vnstock_VCI_financial,2026-07-24,OK,
CTF,NON_FINANCIAL,BALANCE_SHEET,QUARTER,2026-07-25T07:14:02+00:00,4,vnstock_VCI_financial,2026-07-24,OK,
CTF,NON_FINANCIAL,INCOME_STATEMENT,QUARTER,2026-07-25T07:14:03+00:00,4,vnstock_VCI_financial,2026-07-24,OK,
CTF,NON_FINANCIAL,CASH_FLOW,QUARTER,2026-07-25T07:14:03+00:00,4,vnstock_VCI_financial,2026-07-24,OK,
CTI,NON_FINANCIAL,BALANCE_SHEET,QUARTER,2026-07-25T07:14:03+00:00,4,vnstock_VCI_financial,2026-07-24,OK,
CTI,NON_FINANCIAL,INCOME_STATEMENT,QUARTER,2026-07-25T07:14:03+00:00,4,vnstock_VCI_financial,2026-07-24,OK,
CTI,NON_FINANCIAL,CASH_FLOW,QUARTER,2026-07-25T07:14:03+00:00,4,vnstock_VCI_financial,2026-07-24,OK,
CTP,NON_FINANCIAL,BALANCE_SHEET,QUARTER,2026-07-25T07:14:03+00:00,4,vnstock_VCI_financial,2026-07-24,OK,
CTP,NON_FINANCIAL,INCOME_STATEMENT,QUARTER,2026-07-25T07:14:03+00:00,4,vnstock_VCI_financial,2026-07-24,OK,
CTP,NON_FINANCIAL,CASH_FLOW,QUARTER,2026-07-25T07:14:03+00:00,4,vnstock_VCI_financial,2026-07-24,OK,
CTR,NON_FINANCIAL,BALANCE_SHEET,QUARTER,2026-07-25T07:14:04+00:00,4,vnstock_VCI_financial,2026-07-24,OK,
CTR,NON_FINANCIAL,INCOME_STATEMENT,QUARTER,2026-07-25T07:14:04+00:00,4,vnstock_VCI_financial,2026-07-24,OK,
CTR,NON_FINANCIAL,CASH_FLOW,QUARTER,2026-07-25T07:14:04+00:00,4,vnstock_VCI_financial,2026-07-24,OK,
D2D,NON_FINANCIAL,BALANCE_SHEET,QUARTER,2026-07-25T07:14:04+00:00,4,vnstock_VCI_financial,2026-07-24,OK,
D2D,NON_FINANCIAL,INCOME_STATEMENT,QUARTER,2026-07-25T07:14:04+00:00,4,vnstock_VCI_financial,2026-07-24,OK,
D2D,NON_FINANCIAL,CASH_FLOW,QUARTER,2026-07-25T07:14:04+00:00,4,vnstock_VCI_financial,2026-07-24,OK,
DBC,NON_FINANCIAL,BALANCE_SHEET,QUARTER,2026-07-25T07:14:04+00:00,0,vnstock_VCI_financial,2026-07-24,OK,
DBC,NON_FINANCIAL,INCOME_STATEMENT,QUARTER,2026-07-25T07:14:04+00:00,4,vnstock_VCI_financial,2026-07-24,OK,
DBC,NON_FINANCIAL,CASH_FLOW,QUARTER,2026-07-25T07:14:05+00:00,4,vnstock_VCI_financial,2026-07-24,OK,
DBD,NON_FINANCIAL,BALANCE_SHEET,QUARTER,2026-07-25T07:14:05+00:00,4,vnstock_VCI_financial,2026-07-24,OK,
DBD,NON_FINANCIAL,INCOME_STATEMENT,QUARTER,2026-07-25T07:14:05+00:00,4,vnstock_VCI_financial,2026-07-24,OK,
DBD,NON_FINANCIAL,CASH_FLOW,QUARTER,2026-07-25T07:14:05+00:00,4,vnstock_VCI_financial,2026-07-24,OK,
DC4,NON_FINANCIAL,BALANCE_SHEET,QUARTER,2026-07-25T07:14:05+00:00,4,vnstock_VCI_financial,2026-07-24,OK,
DC4,NON_FINANCIAL,INCOME_STATEMENT,QUARTER,2026-07-25T07:14:05+00:00,4,vnstock_VCI_financial,2026-07-24,OK,
DC4,NON_FINANCIAL,CASH_FLOW,QUARTER,2026-07-25T07:14:05+00:00,4,vnstock_VCI_financial,2026-07-24,OK,
DCL,NON_FINANCIAL,BALANCE_SHEET,QUARTER,2026-07-25T07:14:05+00:00,4,vnstock_VCI_financial,2026-07-24,OK,
DCL,NON_FINANCIAL,INCOME_STATEMENT,QUARTER,2026-07-25T07:14:05+00:00,4,vnstock_VCI_financial,2026-07-24,OK,
DCL,NON_FINANCIAL,CASH_FLOW,QUARTER,2026-07-25T07:14:06+00:00,4,vnstock_VCI_financial,2026-07-24,OK,
DCM,NON_FINANCIAL,BALANCE_SHEET,QUARTER,2026-07-25T07:14:06+00:00,4,vnstock_VCI_financial,2026-07-24,OK,
DCM,NON_FINANCIAL,INCOME_STATEMENT,QUARTER,2026-07-25T07:14:06+00:00,4,vnstock_VCI_financial,2026-07-24,OK,
DCM,NON_FINANCIAL,CASH_FLOW,QUARTER,2026-07-25T07:14:06+00:00,4,vnstock_VCI_financial,2026-07-24,OK,
DGC,NON_FINANCIAL,BALANCE_SHEET,QUARTER,2026-07-25T07:14:06+00:00,4,vnstock_VCI_financial,2026-07-24,OK,
DGC,NON_FINANCIAL,INCOME_STATEMENT,QUARTER,2026-07-25T07:14:06+00:00,4,vnstock_VCI_financial,2026-07-24,OK,
DGC,NON_FINANCIAL,CASH_FLOW,QUARTER,2026-07-25T07:14:06+00:00,4,vnstock_VCI_financial,2026-07-24,OK,
DGW,NON_FINANCIAL,BALANCE_SHEET,QUARTER,2026-07-25T07:14:06+00:00,4,vnstock_VCI_financial,2026-07-24,OK,
DGW,NON_FINANCIAL,INCOME_STATEMENT,QUARTER,2026-07-25T07:14:06+00:00,4,vnstock_VCI_financial,2026-07-24,OK,
DGW,NON_FINANCIAL,CASH_FLOW,QUARTER,2026-07-25T07:14:06+00:00,4,vnstock_VCI_financial,2026-07-24,OK,
DHA,NON_FINANCIAL,BALANCE_SHEET,QUARTER,2026-07-25T07:14:06+00:00,4,vnstock_VCI_financial,2026-07-24,OK,
DHA,NON_FINANCIAL,INCOME_STATEMENT,QUARTER,2026-07-25T07:14:07+00:00,4,vnstock_VCI_financial,2026-07-24,OK,
DHA,NON_FINANCIAL,CASH_FLOW,QUARTER,2026-07-25T07:14:07+00:00,4,vnstock_VCI_financial,2026-07-24,OK,
DHC,NON_FINANCIAL,BALANCE_SHEET,QUARTER,2026-07-25T07:14:07+00:00,4,vnstock_VCI_financial,2026-07-24,OK,
DHC,NON_FINANCIAL,INCOME_STATEMENT,QUARTER,2026-07-25T07:14:07+00:00,4,vnstock_VCI_financial,2026-07-24,OK,
DHC,NON_FINANCIAL,CASH_FLOW,QUARTER,2026-07-25T07:14:07+00:00,4,vnstock_VCI_financial,2026-07-24,OK,
DHG,NON_FINANCIAL,BALANCE_SHEET,QUARTER,2026-07-25T07:14:07+00:00,4,vnstock_VCI_financial,2026-07-24,OK,
DHG,NON_FINANCIAL,INCOME_STATEMENT,QUARTER,2026-07-25T07:14:07+00:00,4,vnstock_VCI_financial,2026-07-24,OK,
DHG,NON_FINANCIAL,CASH_FLOW,QUARTER,2026-07-25T07:14:07+00:00,4,vnstock_VCI_financial,2026-07-24,OK,
DIG,NON_FINANCIAL,BALANCE_SHEET,QUARTER,2026-07-25T07:14:07+00:00,4,vnstock_VCI_financial,2026-07-24,OK,
DIG,NON_FINANCIAL,INCOME_STATEMENT,QUARTER,2026-07-25T07:14:07+00:00,4,vnstock_VCI_financial,2026-07-24,OK,
DIG,NON_FINANCIAL,CASH_FLOW,QUARTER,2026-07-25T07:14:08+00:00,4,vnstock_VCI_financial,2026-07-24,OK,
DL1,NON_FINANCIAL,BALANCE_SHEET,QUARTER,2026-07-25T07:14:08+00:00,4,vnstock_VCI_financial,2026-07-24,OK,
DL1,NON_FINANCIAL,INCOME_STATEMENT,QUARTER,2026-07-25T07:14:08+00:00,4,vnstock_VCI_financial,2026-07-24,OK,
DL1,NON_FINANCIAL,CASH_FLOW,QUARTER,2026-07-25T07:14:08+00:00,4,vnstock_VCI_financial,2026-07-24,OK,
DLG,NON_FINANCIAL,BALANCE_SHEET,QUARTER,2026-07-25T07:14:08+00:00,4,vnstock_VCI_financial,2026-07-24,OK,
DLG,NON_FINANCIAL,INCOME_STATEMENT,QUARTER,2026-07-25T07:14:08+00:00,4,vnstock_VCI_financial,2026-07-24,OK,
DLG,NON_FINANCIAL,CASH_FLOW,QUARTER,2026-07-25T07:14:08+00:00,4,vnstock_VCI_financial,2026-07-24,OK,
DP3,NON_FINANCIAL,BALANCE_SHEET,QUARTER,2026-07-25T07:14:08+00:00,4,vnstock_VCI_financial,2026-07-24,OK,
DP3,NON_FINANCIAL,INCOME_STATEMENT,QUARTER,2026-07-25T07:14:08+00:00,4,vnstock_VCI_financial,2026-07-24,OK,
DP3,NON_FINANCIAL,CASH_FLOW,QUARTER,2026-07-25T07:14:08+00:00,4,vnstock_VCI_financial,2026-07-24,OK,
DPG,NON_FINANCIAL,BALANCE_SHEET,QUARTER,2026-07-25T07:14:08+00:00,4,vnstock_VCI_financial,2026-07-24,OK,
DPG,NON_FINANCIAL,INCOME_STATEMENT,QUARTER,2026-07-25T07:14:09+00:00,4,vnstock_VCI_financial,2026-07-24,OK,
DPG,NON_FINANCIAL,CASH_FLOW,QUARTER,2026-07-25T07:14:09+00:00,4,vnstock_VCI_financial,2026-07-24,OK,
DPM,NON_FINANCIAL,BALANCE_SHEET,QUARTER,2026-07-25T07:14:09+00:00,4,vnstock_VCI_financial,2026-07-24,OK,
DPM,NON_FINANCIAL,INCOME_STATEMENT,QUARTER,2026-07-25T07:14:09+00:00,4,vnstock_VCI_financial,2026-07-24,OK,
DPM,NON_FINANCIAL,CASH_FLOW,QUARTER,2026-07-25T07:14:09+00:00,4,vnstock_VCI_financial,2026-07-24,OK,
DPR,NON_FINANCIAL,BALANCE_SHEET,QUARTER,2026-07-25T07:14:09+00:00,4,vnstock_VCI_financial,2026-07-24,OK,
DPR,NON_FINANCIAL,INCOME_STATEMENT,QUARTER,2026-07-25T07:14:09+00:00,4,vnstock_VCI_financial,2026-07-24,OK,
DPR,NON_FINANCIAL,CASH_FLOW,QUARTER,2026-07-25T07:14:09+00:00,4,vnstock_VCI_financial,2026-07-24,OK,
DRC,NON_FINANCIAL,BALANCE_SHEET,QUARTER,2026-07-25T07:14:09+00:00,4,vnstock_VCI_financial,2026-07-24,OK,
DRC,NON_FINANCIAL,INCOME_STATEMENT,QUARTER,2026-07-25T07:14:09+00:00,4,vnstock_VCI_financial,2026-07-24,OK,
DRC,NON_FINANCIAL,CASH_FLOW,QUARTER,2026-07-25T07:14:09+00:00,4,vnstock_VCI_financial,2026-07-24,OK,
DST,NON_FINANCIAL,BALANCE_SHEET,QUARTER,2026-07-25T07:14:10+00:00,4,vnstock_VCI_financial,2026-07-24,OK,
DST,NON_FINANCIAL,INCOME_STATEMENT,QUARTER,2026-07-25T07:14:10+00:00,4,vnstock_VCI_financial,2026-07-24,OK,
DST,NON_FINANCIAL,CASH_FLOW,QUARTER,2026-07-25T07:14:10+00:00,4,vnstock_VCI_financial,2026-07-24,OK,
DTD,NON_FINANCIAL,BALANCE_SHEET,QUARTER,2026-07-25T07:14:10+00:00,4,vnstock_VCI_financial,2026-07-24,OK,
DTD,NON_FINANCIAL,INCOME_STATEMENT,QUARTER,2026-07-25T07:14:10+00:00,4,vnstock_VCI_financial,2026-07-24,OK,
DTD,NON_FINANCIAL,CASH_FLOW,QUARTER,2026-07-25T07:14:10+00:00,4,vnstock_VCI_financial,2026-07-24,OK,
DVM,NON_FINANCIAL,BALANCE_SHEET,QUARTER,2026-07-25T07:14:10+00:00,4,vnstock_VCI_financial,2026-07-24,OK,
DVM,NON_FINANCIAL,INCOME_STATEMENT,QUARTER,2026-07-25T07:14:10+00:00,4,vnstock_VCI_financial,2026-07-24,OK,
DVM,NON_FINANCIAL,CASH_FLOW,QUARTER,2026-07-25T07:14:10+00:00,4,vnstock_VCI_financial,2026-07-24,OK,
DVP,NON_FINANCIAL,BALANCE_SHEET,QUARTER,2026-07-25T07:14:10+00:00,4,vnstock_VCI_financial,2026-07-24,OK,
DVP,NON_FINANCIAL,INCOME_STATEMENT,QUARTER,2026-07-25T07:14:10+00:00,4,vnstock_VCI_financial,2026-07-24,OK,
DVP,NON_FINANCIAL,CASH_FLOW,QUARTER,2026-07-25T07:14:10+00:00,4,vnstock_VCI_financial,2026-07-24,OK,
DXG,NON_FINANCIAL,BALANCE_SHEET,QUARTER,2026-07-25T07:14:11+00:00,4,vnstock_VCI_financial,2026-07-24,OK,
DXG,NON_FINANCIAL,INCOME_STATEMENT,QUARTER,2026-07-25T07:14:11+00:00,4,vnstock_VCI_financial,2026-07-24,OK,
DXG,NON_FINANCIAL,CASH_FLOW,QUARTER,2026-07-25T07:14:11+00:00,4,vnstock_VCI_financial,2026-07-24,OK,
DXP,NON_FINANCIAL,BALANCE_SHEET,QUARTER,2026-07-25T07:14:11+00:00,4,vnstock_VCI_financial,2026-07-24,OK,
DXP,NON_FINANCIAL,INCOME_STATEMENT,QUARTER,2026-07-25T07:14:11+00:00,4,vnstock_VCI_financial,2026-07-24,OK,
DXP,NON_FINANCIAL,CASH_FLOW,QUARTER,2026-07-25T07:14:11+00:00,4,vnstock_VCI_financial,2026-07-24,OK,
DXS,NON_FINANCIAL,BALANCE_SHEET,QUARTER,2026-07-25T07:14:11+00:00,4,vnstock_VCI_financial,2026-07-24,OK,
DXS,NON_FINANCIAL,INCOME_STATEMENT,QUARTER,2026-07-25T07:14:11+00:00,4,vnstock_VCI_financial,2026-07-24,OK,
DXS,NON_FINANCIAL,CASH_FLOW,QUARTER,2026-07-25T07:14:11+00:00,4,vnstock_VCI_financial,2026-07-24,OK,
ELC,NON_FINANCIAL,BALANCE_SHEET,QUARTER,2026-07-25T07:14:11+00:00,4,vnstock_VCI_financial,2026-07-24,OK,
ELC,NON_FINANCIAL,INCOME_STATEMENT,QUARTER,2026-07-25T07:14:11+00:00,4,vnstock_VCI_financial,2026-07-24,OK,
ELC,NON_FINANCIAL,CASH_FLOW,QUARTER,2026-07-25T07:14:12+00:00,4,vnstock_VCI_financial,2026-07-24,OK,
EVG,NON_FINANCIAL,BALANCE_SHEET,QUARTER,2026-07-25T07:14:12+00:00,4,vnstock_VCI_financial,2026-07-24,OK,
EVG,NON_FINANCIAL,INCOME_STATEMENT,QUARTER,2026-07-25T07:14:12+00:00,4,vnstock_VCI_financial,2026-07-24,OK,
EVG,NON_FINANCIAL,CASH_FLOW,QUARTER,2026-07-25T07:14:12+00:00,4,vnstock_VCI_financial,2026-07-24,OK,
FCN,NON_FINANCIAL,BALANCE_SHEET,QUARTER,2026-07-25T07:14:12+00:00,4,vnstock_VCI_financial,2026-07-24,OK,
FCN,NON_FINANCIAL,INCOME_STATEMENT,QUARTER,2026-07-25T07:14:12+00:00,4,vnstock_VCI_financial,2026-07-24,OK,
FCN,NON_FINANCIAL,CASH_FLOW,QUARTER,2026-07-25T07:14:12+00:00,4,vnstock_VCI_financial,2026-07-24,OK,
FIR,NON_FINANCIAL,BALANCE_SHEET,QUARTER,2026-07-25T07:14:12+00:00,4,vnstock_VCI_financial,2026-07-24,OK,
FIR,NON_FINANCIAL,INCOME_STATEMENT,QUARTER,2026-07-25T07:14:12+00:00,4,vnstock_VCI_financial,2026-07-24,OK,
FIR,NON_FINANCIAL,CASH_FLOW,QUARTER,2026-07-25T07:14:12+00:00,4,vnstock_VCI_financial,2026-07-24,OK,
FIT,NON_FINANCIAL,BALANCE_SHEET,QUARTER,2026-07-25T07:14:13+00:00,4,vnstock_VCI_financial,2026-07-24,OK,
FIT,NON_FINANCIAL,INCOME_STATEMENT,QUARTER,2026-07-25T07:14:13+00:00,4,vnstock_VCI_financial,2026-07-24,OK,
FIT,NON_FINANCIAL,CASH_FLOW,QUARTER,2026-07-25T07:14:13+00:00,4,vnstock_VCI_financial,2026-07-24,OK,
FMC,NON_FINANCIAL,BALANCE_SHEET,QUARTER,2026-07-25T07:14:13+00:00,4,vnstock_VCI_financial,2026-07-24,OK,
FMC,NON_FINANCIAL,INCOME_STATEMENT,QUARTER,2026-07-25T07:14:13+00:00,4,vnstock_VCI_financial,2026-07-24,OK,
FMC,NON_FINANCIAL,CASH_FLOW,QUARTER,2026-07-25T07:14:13+00:00,4,vnstock_VCI_financial,2026-07-24,OK,
FPT,NON_FINANCIAL,BALANCE_SHEET,QUARTER,2026-07-25T07:14:13+00:00,4,vnstock_VCI_financial,2026-07-24,OK,
FPT,NON_FINANCIAL,INCOME_STATEMENT,QUARTER,2026-07-25T07:14:13+00:00,4,vnstock_VCI_financial,2026-07-24,OK,
FPT,NON_FINANCIAL,CASH_FLOW,QUARTER,2026-07-25T07:14:13+00:00,4,vnstock_VCI_financial,2026-07-24,OK,
FRT,NON_FINANCIAL,BALANCE_SHEET,QUARTER,2026-07-25T07:14:13+00:00,4,vnstock_VCI_financial,2026-07-24,OK,
FRT,NON_FINANCIAL,INCOME_STATEMENT,QUARTER,2026-07-25T07:14:14+00:00,4,vnstock_VCI_financial,2026-07-24,OK,
FRT,NON_FINANCIAL,CASH_FLOW,QUARTER,2026-07-25T07:14:14+00:00,4,vnstock_VCI_financial,2026-07-24,OK,
GAS,NON_FINANCIAL,BALANCE_SHEET,QUARTER,2026-07-25T07:14:14+00:00,4,vnstock_VCI_financial,2026-07-24,OK,
GAS,NON_FINANCIAL,INCOME_STATEMENT,QUARTER,2026-07-25T07:14:14+00:00,4,vnstock_VCI_financial,2026-07-24,OK,
GAS,NON_FINANCIAL,CASH_FLOW,QUARTER,2026-07-25T07:14:14+00:00,4,vnstock_VCI_financial,2026-07-24,OK,
GEE,NON_FINANCIAL,BALANCE_SHEET,QUARTER,2026-07-25T07:14:14+00:00,4,vnstock_VCI_financial,2026-07-24,OK,
GEE,NON_FINANCIAL,INCOME_STATEMENT,QUARTER,2026-07-25T07:14:14+00:00,4,vnstock_VCI_financial,2026-07-24,OK,
GEE,NON_FINANCIAL,CASH_FLOW,QUARTER,2026-07-25T07:14:14+00:00,4,vnstock_VCI_financial,2026-07-24,OK,
GEG,NON_FINANCIAL,BALANCE_SHEET,QUARTER,2026-07-25T07:14:14+00:00,4,vnstock_VCI_financial,2026-07-24,OK,
GEG,NON_FINANCIAL,INCOME_STATEMENT,QUARTER,2026-07-25T07:14:14+00:00,4,vnstock_VCI_financial,2026-07-24,OK,
GEG,NON_FINANCIAL,CASH_FLOW,QUARTER,2026-07-25T07:14:15+00:00,4,vnstock_VCI_financial,2026-07-24,OK,
GEX,NON_FINANCIAL,BALANCE_SHEET,QUARTER,2026-07-25T07:14:15+00:00,4,vnstock_VCI_financial,2026-07-24,OK,
GEX,NON_FINANCIAL,INCOME_STATEMENT,QUARTER,2026-07-25T07:14:15+00:00,4,vnstock_VCI_financial,2026-07-24,OK,
GEX,NON_FINANCIAL,CASH_FLOW,QUARTER,2026-07-25T07:14:15+00:00,4,vnstock_VCI_financial,2026-07-24,OK,
GIL,NON_FINANCIAL,BALANCE_SHEET,QUARTER,2026-07-25T07:14:15+00:00,4,vnstock_VCI_financial,2026-07-24,OK,
GIL,NON_FINANCIAL,INCOME_STATEMENT,QUARTER,2026-07-25T07:14:15+00:00,4,vnstock_VCI_financial,2026-07-24,OK,
GIL,NON_FINANCIAL,CASH_FLOW,QUARTER,2026-07-25T07:14:15+00:00,4,vnstock_VCI_financial,2026-07-24,OK,
GKM,NON_FINANCIAL,BALANCE_SHEET,QUARTER,2026-07-25T07:14:15+00:00,4,vnstock_VCI_financial,2026-07-24,OK,
GKM,NON_FINANCIAL,INCOME_STATEMENT,QUARTER,2026-07-25T07:14:15+00:00,4,vnstock_VCI_financial,2026-07-24,OK,
GKM,NON_FINANCIAL,CASH_FLOW,QUARTER,2026-07-25T07:14:15+00:00,4,vnstock_VCI_financial,2026-07-24,OK,
GMD,NON_FINANCIAL,BALANCE_SHEET,QUARTER,2026-07-25T07:14:15+00:00,4,vnstock_VCI_financial,2026-07-24,OK,
GMD,NON_FINANCIAL,INCOME_STATEMENT,QUARTER,2026-07-25T07:14:15+00:00,4,vnstock_VCI_financial,2026-07-24,OK,
GMD,NON_FINANCIAL,CASH_FLOW,QUARTER,2026-07-25T07:14:15+00:00,4,vnstock_VCI_financial,2026-07-24,OK,
GVR,NON_FINANCIAL,BALANCE_SHEET,QUARTER,2026-07-25T07:14:16+00:00,4,vnstock_VCI_financial,2026-07-24,OK,
GVR,NON_FINANCIAL,INCOME_STATEMENT,QUARTER,2026-07-25T07:14:16+00:00,4,vnstock_VCI_financial,2026-07-24,OK,
GVR,NON_FINANCIAL,CASH_FLOW,QUARTER,2026-07-25T07:14:16+00:00,4,vnstock_VCI_financial,2026-07-24,OK,
HAG,NON_FINANCIAL,BALANCE_SHEET,QUARTER,2026-07-25T07:14:16+00:00,4,vnstock_VCI_financial,2026-07-24,OK,
HAG,NON_FINANCIAL,INCOME_STATEMENT,QUARTER,2026-07-25T07:14:16+00:00,4,vnstock_VCI_financial,2026-07-24,OK,
HAG,NON_FINANCIAL,CASH_FLOW,QUARTER,2026-07-25T07:14:16+00:00,4,vnstock_VCI_financial,2026-07-24,OK,
HAH,NON_FINANCIAL,BALANCE_SHEET,QUARTER,2026-07-25T07:14:16+00:00,4,vnstock_VCI_financial,2026-07-24,OK,
HAH,NON_FINANCIAL,INCOME_STATEMENT,QUARTER,2026-07-25T07:14:16+00:00,4,vnstock_VCI_financial,2026-07-24,OK,
HAH,NON_FINANCIAL,CASH_FLOW,QUARTER,2026-07-25T07:14:16+00:00,4,vnstock_VCI_financial,2026-07-24,OK,
HAX,NON_FINANCIAL,BALANCE_SHEET,QUARTER,2026-07-25T07:14:16+00:00,4,vnstock_VCI_financial,2026-07-24,OK,
HAX,NON_FINANCIAL,INCOME_STATEMENT,QUARTER,2026-07-25T07:14:16+00:00,4,vnstock_VCI_financial,2026-07-24,OK,
HAX,NON_FINANCIAL,CASH_FLOW,QUARTER,2026-07-25T07:14:16+00:00,4,vnstock_VCI_financial,2026-07-24,OK,
HDC,NON_FINANCIAL,BALANCE_SHEET,QUARTER,2026-07-25T07:14:16+00:00,4,vnstock_VCI_financial,2026-07-24,OK,
HDC,NON_FINANCIAL,INCOME_STATEMENT,QUARTER,2026-07-25T07:14:17+00:00,4,vnstock_VCI_financial,2026-07-24,OK,
HDC,NON_FINANCIAL,CASH_FLOW,QUARTER,2026-07-25T07:14:17+00:00,4,vnstock_VCI_financial,2026-07-24,OK,
HDG,NON_FINANCIAL,BALANCE_SHEET,QUARTER,2026-07-25T07:14:17+00:00,4,vnstock_VCI_financial,2026-07-24,OK,
HDG,NON_FINANCIAL,INCOME_STATEMENT,QUARTER,2026-07-25T07:14:17+00:00,4,vnstock_VCI_financial,2026-07-24,OK,
HDG,NON_FINANCIAL,CASH_FLOW,QUARTER,2026-07-25T07:14:17+00:00,4,vnstock_VCI_financial,2026-07-24,OK,
HHC,NON_FINANCIAL,BALANCE_SHEET,QUARTER,2026-07-25T07:14:17+00:00,4,vnstock_VCI_financial,2026-07-24,OK,
HHC,NON_FINANCIAL,INCOME_STATEMENT,QUARTER,2026-07-25T07:14:17+00:00,4,vnstock_VCI_financial,2026-07-24,OK,
HHC,NON_FINANCIAL,CASH_FLOW,QUARTER,2026-07-25T07:14:17+00:00,4,vnstock_VCI_financial,2026-07-24,OK,
HHP,NON_FINANCIAL,BALANCE_SHEET,QUARTER,2026-07-25T07:14:17+00:00,4,vnstock_VCI_financial,2026-07-24,OK,
HHP,NON_FINANCIAL,INCOME_STATEMENT,QUARTER,2026-07-25T07:14:17+00:00,4,vnstock_VCI_financial,2026-07-24,OK,
HHP,NON_FINANCIAL,CASH_FLOW,QUARTER,2026-07-25T07:14:17+00:00,4,vnstock_VCI_financial,2026-07-24,OK,
HHS,NON_FINANCIAL,BALANCE_SHEET,QUARTER,2026-07-25T07:14:17+00:00,4,vnstock_VCI_financial,2026-07-24,OK,
HHS,NON_FINANCIAL,INCOME_STATEMENT,QUARTER,2026-07-25T07:14:18+00:00,4,vnstock_VCI_financial,2026-07-24,OK,
HHS,NON_FINANCIAL,CASH_FLOW,QUARTER,2026-07-25T07:14:18+00:00,4,vnstock_VCI_financial,2026-07-24,OK,
HHV,NON_FINANCIAL,BALANCE_SHEET,QUARTER,2026-07-25T07:14:18+00:00,4,vnstock_VCI_financial,2026-07-24,OK,
HHV,NON_FINANCIAL,INCOME_STATEMENT,QUARTER,2026-07-25T07:14:18+00:00,4,vnstock_VCI_financial,2026-07-24,OK,
HHV,NON_FINANCIAL,CASH_FLOW,QUARTER,2026-07-25T07:14:18+00:00,4,vnstock_VCI_financial,2026-07-24,OK,
HID,NON_FINANCIAL,BALANCE_SHEET,QUARTER,2026-07-25T07:14:18+00:00,4,vnstock_VCI_financial,2026-07-24,OK,
HID,NON_FINANCIAL,INCOME_STATEMENT,QUARTER,2026-07-25T07:14:18+00:00,4,vnstock_VCI_financial,2026-07-24,OK,
HID,NON_FINANCIAL,CASH_FLOW,QUARTER,2026-07-25T07:14:18+00:00,4,vnstock_VCI_financial,2026-07-24,OK,
HII,NON_FINANCIAL,BALANCE_SHEET,QUARTER,2026-07-25T07:14:18+00:00,4,vnstock_VCI_financial,2026-07-24,OK,
HII,NON_FINANCIAL,INCOME_STATEMENT,QUARTER,2026-07-25T07:14:18+00:00,4,vnstock_VCI_financial,2026-07-24,OK,
HII,NON_FINANCIAL,CASH_FLOW,QUARTER,2026-07-25T07:14:18+00:00,4,vnstock_VCI_financial,2026-07-24,OK,
HPG,NON_FINANCIAL,BALANCE_SHEET,QUARTER,2026-07-25T07:14:18+00:00,4,vnstock_VCI_financial,2026-07-24,OK,
HPG,NON_FINANCIAL,INCOME_STATEMENT,QUARTER,2026-07-25T07:14:19+00:00,4,vnstock_VCI_financial,2026-07-24,OK,
HPG,NON_FINANCIAL,CASH_FLOW,QUARTER,2026-07-25T07:14:19+00:00,4,vnstock_VCI_financial,2026-07-24,OK,
HPX,NON_FINANCIAL,BALANCE_SHEET,QUARTER,2026-07-25T07:14:19+00:00,4,vnstock_VCI_financial,2026-07-24,OK,
HPX,NON_FINANCIAL,INCOME_STATEMENT,QUARTER,2026-07-25T07:14:19+00:00,4,vnstock_VCI_financial,2026-07-24,OK,
HPX,NON_FINANCIAL,CASH_FLOW,QUARTER,2026-07-25T07:14:19+00:00,4,vnstock_VCI_financial,2026-07-24,OK,
HQC,NON_FINANCIAL,BALANCE_SHEET,QUARTER,2026-07-25T07:14:19+00:00,4,vnstock_VCI_financial,2026-07-24,OK,
HQC,NON_FINANCIAL,INCOME_STATEMENT,QUARTER,2026-07-25T07:14:19+00:00,4,vnstock_VCI_financial,2026-07-24,OK,
HQC,NON_FINANCIAL,CASH_FLOW,QUARTER,2026-07-25T07:14:19+00:00,4,vnstock_VCI_financial,2026-07-24,OK,
HSG,NON_FINANCIAL,BALANCE_SHEET,QUARTER,2026-07-25T07:14:19+00:00,4,vnstock_VCI_financial,2026-07-24,OK,
HSG,NON_FINANCIAL,INCOME_STATEMENT,QUARTER,2026-07-25T07:14:19+00:00,4,vnstock_VCI_financial,2026-07-24,OK,
HSG,NON_FINANCIAL,CASH_FLOW,QUARTER,2026-07-25T07:14:19+00:00,4,vnstock_VCI_financial,2026-07-24,OK,
HSL,NON_FINANCIAL,BALANCE_SHEET,QUARTER,2026-07-25T07:14:19+00:00,4,vnstock_VCI_financial,2026-07-24,OK,
HSL,NON_FINANCIAL,INCOME_STATEMENT,QUARTER,2026-07-25T07:14:20+00:00,4,vnstock_VCI_financial,2026-07-24,OK,
HSL,NON_FINANCIAL,CASH_FLOW,QUARTER,2026-07-25T07:14:20+00:00,4,vnstock_VCI_financial,2026-07-24,OK,
HT1,NON_FINANCIAL,BALANCE_SHEET,QUARTER,2026-07-25T07:14:20+00:00,4,vnstock_VCI_financial,2026-07-24,OK,
HT1,NON_FINANCIAL,INCOME_STATEMENT,QUARTER,2026-07-25T07:14:20+00:00,4,vnstock_VCI_financial,2026-07-24,OK,
HT1,NON_FINANCIAL,CASH_FLOW,QUARTER,2026-07-25T07:14:20+00:00,4,vnstock_VCI_financial,2026-07-24,OK,
HTN,NON_FINANCIAL,BALANCE_SHEET,QUARTER,2026-07-25T07:14:20+00:00,4,vnstock_VCI_financial,2026-07-24,OK,
HTN,NON_FINANCIAL,INCOME_STATEMENT,QUARTER,2026-07-25T07:14:20+00:00,4,vnstock_VCI_financial,2026-07-24,OK,
HTN,NON_FINANCIAL,CASH_FLOW,QUARTER,2026-07-25T07:14:20+00:00,4,vnstock_VCI_financial,2026-07-24,OK,
HUT,NON_FINANCIAL,BALANCE_SHEET,QUARTER,2026-07-25T07:14:20+00:00,4,vnstock_VCI_financial,2026-07-24,OK,
HUT,NON_FINANCIAL,INCOME_STATEMENT,QUARTER,2026-07-25T07:14:20+00:00,4,vnstock_VCI_financial,2026-07-24,OK,
HUT,NON_FINANCIAL,CASH_FLOW,QUARTER,2026-07-25T07:14:20+00:00,4,vnstock_VCI_financial,2026-07-24,OK,
HVH,NON_FINANCIAL,BALANCE_SHEET,QUARTER,2026-07-25T07:14:21+00:00,4,vnstock_VCI_financial,2026-07-24,OK,
HVH,NON_FINANCIAL,INCOME_STATEMENT,QUARTER,2026-07-25T07:14:21+00:00,4,vnstock_VCI_financial,2026-07-24,OK,
HVH,NON_FINANCIAL,CASH_FLOW,QUARTER,2026-07-25T07:14:21+00:00,4,vnstock_VCI_financial,2026-07-24,OK,
HVN,NON_FINANCIAL,BALANCE_SHEET,QUARTER,2026-07-25T07:14:21+00:00,4,vnstock_VCI_financial,2026-07-24,OK,
HVN,NON_FINANCIAL,INCOME_STATEMENT,QUARTER,2026-07-25T07:14:21+00:00,4,vnstock_VCI_financial,2026-07-24,OK,
HVN,NON_FINANCIAL,CASH_FLOW,QUARTER,2026-07-25T07:14:21+00:00,4,vnstock_VCI_financial,2026-07-24,OK,
IDC,NON_FINANCIAL,BALANCE_SHEET,QUARTER,2026-07-25T07:14:21+00:00,4,vnstock_VCI_financial,2026-07-24,OK,
IDC,NON_FINANCIAL,INCOME_STATEMENT,QUARTER,2026-07-25T07:14:21+00:00,4,vnstock_VCI_financial,2026-07-24,OK,
IDC,NON_FINANCIAL,CASH_FLOW,QUARTER,2026-07-25T07:14:21+00:00,4,vnstock_VCI_financial,2026-07-24,OK,
IDI,NON_FINANCIAL,BALANCE_SHEET,QUARTER,2026-07-25T07:14:21+00:00,4,vnstock_VCI_financial,2026-07-24,OK,
IDI,NON_FINANCIAL,INCOME_STATEMENT,QUARTER,2026-07-25T07:14:21+00:00,4,vnstock_VCI_financial,2026-07-24,OK,
IDI,NON_FINANCIAL,CASH_FLOW,QUARTER,2026-07-25T07:14:22+00:00,4,vnstock_VCI_financial,2026-07-24,OK,
IDJ,NON_FINANCIAL,BALANCE_SHEET,QUARTER,2026-07-25T07:14:22+00:00,4,vnstock_VCI_financial,2026-07-24,OK,
IDJ,NON_FINANCIAL,INCOME_STATEMENT,QUARTER,2026-07-25T07:14:22+00:00,4,vnstock_VCI_financial,2026-07-24,OK,
IDJ,NON_FINANCIAL,CASH_FLOW,QUARTER,2026-07-25T07:14:22+00:00,4,vnstock_VCI_financial,2026-07-24,OK,
IJC,NON_FINANCIAL,BALANCE_SHEET,QUARTER,2026-07-25T07:14:22+00:00,4,vnstock_VCI_financial,2026-07-24,OK,
IJC,NON_FINANCIAL,INCOME_STATEMENT,QUARTER,2026-07-25T07:14:22+00:00,4,vnstock_VCI_financial,2026-07-24,OK,
IJC,NON_FINANCIAL,CASH_FLOW,QUARTER,2026-07-25T07:14:22+00:00,4,vnstock_VCI_financial,2026-07-24,OK,
IPA,NON_FINANCIAL,BALANCE_SHEET,QUARTER,2026-07-25T07:14:22+00:00,4,vnstock_VCI_financial,2026-07-24,OK,
IPA,NON_FINANCIAL,INCOME_STATEMENT,QUARTER,2026-07-25T07:14:22+00:00,4,vnstock_VCI_financial,2026-07-24,OK,
IPA,NON_FINANCIAL,CASH_FLOW,QUARTER,2026-07-25T07:14:22+00:00,4,vnstock_VCI_financial,2026-07-24,OK,
ITC,NON_FINANCIAL,BALANCE_SHEET,QUARTER,2026-07-25T07:14:23+00:00,4,vnstock_VCI_financial,2026-07-24,OK,
ITC,NON_FINANCIAL,INCOME_STATEMENT,QUARTER,2026-07-25T07:14:23+00:00,4,vnstock_VCI_financial,2026-07-24,OK,
ITC,NON_FINANCIAL,CASH_FLOW,QUARTER,2026-07-25T07:14:23+00:00,4,vnstock_VCI_financial,2026-07-24,OK,
ITD,NON_FINANCIAL,BALANCE_SHEET,QUARTER,2026-07-25T07:14:23+00:00,4,vnstock_VCI_financial,2026-07-24,OK,
ITD,NON_FINANCIAL,INCOME_STATEMENT,QUARTER,2026-07-25T07:14:23+00:00,4,vnstock_VCI_financial,2026-07-24,OK,
ITD,NON_FINANCIAL,CASH_FLOW,QUARTER,2026-07-25T07:14:23+00:00,4,vnstock_VCI_financial,2026-07-24,OK,
KBC,NON_FINANCIAL,BALANCE_SHEET,QUARTER,2026-07-25T07:14:23+00:00,4,vnstock_VCI_financial,2026-07-24,OK,
KBC,NON_FINANCIAL,INCOME_STATEMENT,QUARTER,2026-07-25T07:14:23+00:00,4,vnstock_VCI_financial,2026-07-24,OK,
KBC,NON_FINANCIAL,CASH_FLOW,QUARTER,2026-07-25T07:14:23+00:00,4,vnstock_VCI_financial,2026-07-24,OK,
KDC,NON_FINANCIAL,BALANCE_SHEET,QUARTER,2026-07-25T07:14:23+00:00,4,vnstock_VCI_financial,2026-07-24,OK,
KDC,NON_FINANCIAL,INCOME_STATEMENT,QUARTER,2026-07-25T07:14:23+00:00,4,vnstock_VCI_financial,2026-07-24,OK,
KDC,NON_FINANCIAL,CASH_FLOW,QUARTER,2026-07-25T07:14:24+00:00,4,vnstock_VCI_financial,2026-07-24,OK,
KDH,NON_FINANCIAL,BALANCE_SHEET,QUARTER,2026-07-25T07:14:24+00:00,4,vnstock_VCI_financial,2026-07-24,OK,
KDH,NON_FINANCIAL,INCOME_STATEMENT,QUARTER,2026-07-25T07:14:24+00:00,4,vnstock_VCI_financial,2026-07-24,OK,
KDH,NON_FINANCIAL,CASH_FLOW,QUARTER,2026-07-25T07:14:24+00:00,4,vnstock_VCI_financial,2026-07-24,OK,
KHG,NON_FINANCIAL,BALANCE_SHEET,QUARTER,2026-07-25T07:14:24+00:00,4,vnstock_VCI_financial,2026-07-24,OK,
KHG,NON_FINANCIAL,INCOME_STATEMENT,QUARTER,2026-07-25T07:14:24+00:00,4,vnstock_VCI_financial,2026-07-24,OK,
KHG,NON_FINANCIAL,CASH_FLOW,QUARTER,2026-07-25T07:14:24+00:00,4,vnstock_VCI_financial,2026-07-24,OK,
KOS,NON_FINANCIAL,BALANCE_SHEET,QUARTER,2026-07-25T07:14:24+00:00,4,vnstock_VCI_financial,2026-07-24,OK,
KOS,NON_FINANCIAL,INCOME_STATEMENT,QUARTER,2026-07-25T07:14:24+00:00,4,vnstock_VCI_financial,2026-07-24,OK,
KOS,NON_FINANCIAL,CASH_FLOW,QUARTER,2026-07-25T07:14:24+00:00,4,vnstock_VCI_financial,2026-07-24,OK,
KSB,NON_FINANCIAL,BALANCE_SHEET,QUARTER,2026-07-25T07:14:24+00:00,4,vnstock_VCI_financial,2026-07-24,OK,
KSB,NON_FINANCIAL,INCOME_STATEMENT,QUARTER,2026-07-25T07:14:24+00:00,4,vnstock_VCI_financial,2026-07-24,OK,
KSB,NON_FINANCIAL,CASH_FLOW,QUARTER,2026-07-25T07:14:25+00:00,4,vnstock_VCI_financial,2026-07-24,OK,
KSF,NON_FINANCIAL,BALANCE_SHEET,QUARTER,2026-07-25T07:14:25+00:00,4,vnstock_VCI_financial,2026-07-24,OK,
KSF,NON_FINANCIAL,INCOME_STATEMENT,QUARTER,2026-07-25T07:14:25+00:00,4,vnstock_VCI_financial,2026-07-24,OK,
KSF,NON_FINANCIAL,CASH_FLOW,QUARTER,2026-07-25T07:14:25+00:00,4,vnstock_VCI_financial,2026-07-24,OK,
KSV,NON_FINANCIAL,BALANCE_SHEET,QUARTER,2026-07-25T07:14:25+00:00,4,vnstock_VCI_financial,2026-07-24,OK,
KSV,NON_FINANCIAL,INCOME_STATEMENT,QUARTER,2026-07-25T07:14:25+00:00,4,vnstock_VCI_financial,2026-07-24,OK,
KSV,NON_FINANCIAL,CASH_FLOW,QUARTER,2026-07-25T07:14:25+00:00,4,vnstock_VCI_financial,2026-07-24,OK,
L14,NON_FINANCIAL,BALANCE_SHEET,QUARTER,2026-07-25T07:14:25+00:00,4,vnstock_VCI_financial,2026-07-24,OK,
L14,NON_FINANCIAL,INCOME_STATEMENT,QUARTER,2026-07-25T07:14:25+00:00,4,vnstock_VCI_financial,2026-07-24,OK,
L14,NON_FINANCIAL,CASH_FLOW,QUARTER,2026-07-25T07:14:25+00:00,4,vnstock_VCI_financial,2026-07-24,OK,
L40,NON_FINANCIAL,BALANCE_SHEET,QUARTER,2026-07-25T07:14:25+00:00,4,vnstock_VCI_financial,2026-07-24,OK,
L40,NON_FINANCIAL,INCOME_STATEMENT,QUARTER,2026-07-25T07:14:25+00:00,4,vnstock_VCI_financial,2026-07-24,OK,
L40,NON_FINANCIAL,CASH_FLOW,QUARTER,2026-07-25T07:14:25+00:00,4,vnstock_VCI_financial,2026-07-24,OK,
LAF,NON_FINANCIAL,BALANCE_SHEET,QUARTER,2026-07-25T07:14:26+00:00,4,vnstock_VCI_financial,2026-07-24,OK,
LAF,NON_FINANCIAL,INCOME_STATEMENT,QUARTER,2026-07-25T07:14:26+00:00,4,vnstock_VCI_financial,2026-07-24,OK,
LAF,NON_FINANCIAL,CASH_FLOW,QUARTER,2026-07-25T07:14:26+00:00,4,vnstock_VCI_financial,2026-07-24,OK,
LAS,NON_FINANCIAL,BALANCE_SHEET,QUARTER,2026-07-25T07:14:26+00:00,4,vnstock_VCI_financial,2026-07-24,OK,
LAS,NON_FINANCIAL,INCOME_STATEMENT,QUARTER,2026-07-25T07:14:26+00:00,4,vnstock_VCI_financial,2026-07-24,OK,
LAS,NON_FINANCIAL,CASH_FLOW,QUARTER,2026-07-25T07:14:26+00:00,4,vnstock_VCI_financial,2026-07-24,OK,
LBE,NON_FINANCIAL,BALANCE_SHEET,QUARTER,2026-07-25T07:14:26+00:00,4,vnstock_VCI_financial,2026-07-24,OK,
LBE,NON_FINANCIAL,INCOME_STATEMENT,QUARTER,2026-07-25T07:14:27+00:00,4,vnstock_VCI_financial,2026-07-24,OK,
LBE,NON_FINANCIAL,CASH_FLOW,QUARTER,2026-07-25T07:14:27+00:00,4,vnstock_VCI_financial,2026-07-24,OK,
LCG,NON_FINANCIAL,BALANCE_SHEET,QUARTER,2026-07-25T07:14:27+00:00,4,vnstock_VCI_financial,2026-07-24,OK,
LCG,NON_FINANCIAL,INCOME_STATEMENT,QUARTER,2026-07-25T07:14:27+00:00,4,vnstock_VCI_financial,2026-07-24,OK,
LCG,NON_FINANCIAL,CASH_FLOW,QUARTER,2026-07-25T07:14:27+00:00,4,vnstock_VCI_financial,2026-07-24,OK,
LDG,NON_FINANCIAL,BALANCE_SHEET,QUARTER,2026-07-25T07:14:27+00:00,4,vnstock_VCI_financial,2026-07-24,OK,
LDG,NON_FINANCIAL,INCOME_STATEMENT,QUARTER,2026-07-25T07:14:27+00:00,4,vnstock_VCI_financial,2026-07-24,OK,
LDG,NON_FINANCIAL,CASH_FLOW,QUARTER,2026-07-25T07:14:27+00:00,4,vnstock_VCI_financial,2026-07-24,OK,
LDP,NON_FINANCIAL,BALANCE_SHEET,QUARTER,2026-07-25T07:14:28+00:00,4,vnstock_VCI_financial,2026-07-24,OK,
LDP,NON_FINANCIAL,INCOME_STATEMENT,QUARTER,2026-07-25T07:14:28+00:00,4,vnstock_VCI_financial,2026-07-24,OK,
LDP,NON_FINANCIAL,CASH_FLOW,QUARTER,2026-07-25T07:14:28+00:00,4,vnstock_VCI_financial,2026-07-24,OK,
LHC,NON_FINANCIAL,BALANCE_SHEET,QUARTER,2026-07-25T07:14:28+00:00,4,vnstock_VCI_financial,2026-07-24,OK,
LHC,NON_FINANCIAL,INCOME_STATEMENT,QUARTER,2026-07-25T07:14:28+00:00,4,vnstock_VCI_financial,2026-07-24,OK,
LHC,NON_FINANCIAL,CASH_FLOW,QUARTER,2026-07-25T07:14:28+00:00,4,vnstock_VCI_financial,2026-07-24,OK,
LHG,NON_FINANCIAL,BALANCE_SHEET,QUARTER,2026-07-25T07:14:28+00:00,4,vnstock_VCI_financial,2026-07-24,OK,
LHG,NON_FINANCIAL,INCOME_STATEMENT,QUARTER,2026-07-25T07:14:28+00:00,4,vnstock_VCI_financial,2026-07-24,OK,
LHG,NON_FINANCIAL,CASH_FLOW,QUARTER,2026-07-25T07:14:29+00:00,4,vnstock_VCI_financial,2026-07-24,OK,
MBG,NON_FINANCIAL,BALANCE_SHEET,QUARTER,2026-07-25T07:14:29+00:00,4,vnstock_VCI_financial,2026-07-24,OK,
MBG,NON_FINANCIAL,INCOME_STATEMENT,QUARTER,2026-07-25T07:14:29+00:00,4,vnstock_VCI_financial,2026-07-24,OK,
MBG,NON_FINANCIAL,CASH_FLOW,QUARTER,2026-07-25T07:14:29+00:00,4,vnstock_VCI_financial,2026-07-24,OK,
MCH,NON_FINANCIAL,BALANCE_SHEET,QUARTER,2026-07-25T07:14:29+00:00,4,vnstock_VCI_financial,2026-07-24,OK,
MCH,NON_FINANCIAL,INCOME_STATEMENT,QUARTER,2026-07-25T07:14:29+00:00,4,vnstock_VCI_financial,2026-07-24,OK,
MCH,NON_FINANCIAL,CASH_FLOW,QUARTER,2026-07-25T07:14:30+00:00,4,vnstock_VCI_financial,2026-07-24,OK,
MCM,NON_FINANCIAL,BALANCE_SHEET,QUARTER,2026-07-25T07:14:30+00:00,4,vnstock_VCI_financial,2026-07-24,OK,
MCM,NON_FINANCIAL,INCOME_STATEMENT,QUARTER,2026-07-25T07:14:30+00:00,4,vnstock_VCI_financial,2026-07-24,OK,
MCM,NON_FINANCIAL,CASH_FLOW,QUARTER,2026-07-25T07:14:30+00:00,4,vnstock_VCI_financial,2026-07-24,OK,
MCP,NON_FINANCIAL,BALANCE_SHEET,QUARTER,2026-07-25T07:14:30+00:00,4,vnstock_VCI_financial,2026-07-24,OK,
MCP,NON_FINANCIAL,INCOME_STATEMENT,QUARTER,2026-07-25T07:14:30+00:00,4,vnstock_VCI_financial,2026-07-24,OK,
MCP,NON_FINANCIAL,CASH_FLOW,QUARTER,2026-07-25T07:14:31+00:00,4,vnstock_VCI_financial,2026-07-24,OK,
MSH,NON_FINANCIAL,BALANCE_SHEET,QUARTER,2026-07-25T07:14:32+00:00,4,vnstock_VCI_financial,2026-07-24,OK,
MSH,NON_FINANCIAL,INCOME_STATEMENT,QUARTER,2026-07-25T07:14:32+00:00,4,vnstock_VCI_financial,2026-07-24,OK,
MSH,NON_FINANCIAL,CASH_FLOW,QUARTER,2026-07-25T07:14:32+00:00,4,vnstock_VCI_financial,2026-07-24,OK,
MSN,NON_FINANCIAL,BALANCE_SHEET,QUARTER,2026-07-25T07:14:32+00:00,4,vnstock_VCI_financial,2026-07-24,OK,
MSN,NON_FINANCIAL,INCOME_STATEMENT,QUARTER,2026-07-25T07:14:32+00:00,4,vnstock_VCI_financial,2026-07-24,OK,
MSN,NON_FINANCIAL,CASH_FLOW,QUARTER,2026-07-25T07:14:32+00:00,4,vnstock_VCI_financial,2026-07-24,OK,
MST,NON_FINANCIAL,BALANCE_SHEET,QUARTER,2026-07-25T07:14:33+00:00,4,vnstock_VCI_financial,2026-07-24,OK,
MST,NON_FINANCIAL,INCOME_STATEMENT,QUARTER,2026-07-25T07:14:33+00:00,4,vnstock_VCI_financial,2026-07-24,OK,
MST,NON_FINANCIAL,CASH_FLOW,QUARTER,2026-07-25T07:14:33+00:00,4,vnstock_VCI_financial,2026-07-24,OK,
MWG,NON_FINANCIAL,BALANCE_SHEET,QUARTER,2026-07-25T07:14:33+00:00,4,vnstock_VCI_financial,2026-07-24,OK,
MWG,NON_FINANCIAL,INCOME_STATEMENT,QUARTER,2026-07-25T07:14:34+00:00,4,vnstock_VCI_financial,2026-07-24,OK,
MWG,NON_FINANCIAL,CASH_FLOW,QUARTER,2026-07-25T07:14:34+00:00,4,vnstock_VCI_financial,2026-07-24,OK,
MZG,NON_FINANCIAL,BALANCE_SHEET,QUARTER,2026-07-25T07:14:34+00:00,4,vnstock_VCI_financial,2026-07-24,OK,
MZG,NON_FINANCIAL,INCOME_STATEMENT,QUARTER,2026-07-25T07:14:34+00:00,4,vnstock_VCI_financial,2026-07-24,OK,
MZG,NON_FINANCIAL,CASH_FLOW,QUARTER,2026-07-25T07:14:34+00:00,4,vnstock_VCI_financial,2026-07-24,OK,
NAF,NON_FINANCIAL,BALANCE_SHEET,QUARTER,2026-07-25T07:14:34+00:00,4,vnstock_VCI_financial,2026-07-24,OK,
NAF,NON_FINANCIAL,INCOME_STATEMENT,QUARTER,2026-07-25T07:14:34+00:00,4,vnstock_VCI_financial,2026-07-24,OK,
NAF,NON_FINANCIAL,CASH_FLOW,QUARTER,2026-07-25T07:14:34+00:00,4,vnstock_VCI_financial,2026-07-24,OK,
NBB,NON_FINANCIAL,BALANCE_SHEET,QUARTER,2026-07-25T07:14:34+00:00,4,vnstock_VCI_financial,2026-07-24,OK,
NBB,NON_FINANCIAL,INCOME_STATEMENT,QUARTER,2026-07-25T07:14:34+00:00,4,vnstock_VCI_financial,2026-07-24,OK,
NBB,NON_FINANCIAL,CASH_FLOW,QUARTER,2026-07-25T07:14:35+00:00,4,vnstock_VCI_financial,2026-07-24,OK,
NCT,NON_FINANCIAL,BALANCE_SHEET,QUARTER,2026-07-25T07:14:35+00:00,4,vnstock_VCI_financial,2026-07-24,OK,
NCT,NON_FINANCIAL,INCOME_STATEMENT,QUARTER,2026-07-25T07:14:35+00:00,4,vnstock_VCI_financial,2026-07-24,OK,
NCT,NON_FINANCIAL,CASH_FLOW,QUARTER,2026-07-25T07:14:35+00:00,4,vnstock_VCI_financial,2026-07-24,OK,
NDN,NON_FINANCIAL,BALANCE_SHEET,QUARTER,2026-07-25T07:14:35+00:00,4,vnstock_VCI_financial,2026-07-24,OK,
NDN,NON_FINANCIAL,INCOME_STATEMENT,QUARTER,2026-07-25T07:14:35+00:00,4,vnstock_VCI_financial,2026-07-24,OK,
NDN,NON_FINANCIAL,CASH_FLOW,QUARTER,2026-07-25T07:14:35+00:00,4,vnstock_VCI_financial,2026-07-24,OK,
NHA,NON_FINANCIAL,BALANCE_SHEET,QUARTER,2026-07-25T07:14:35+00:00,4,vnstock_VCI_financial,2026-07-24,OK,
NHA,NON_FINANCIAL,INCOME_STATEMENT,QUARTER,2026-07-25T07:14:35+00:00,4,vnstock_VCI_financial,2026-07-24,OK,
NHA,NON_FINANCIAL,CASH_FLOW,QUARTER,2026-07-25T07:14:35+00:00,4,vnstock_VCI_financial,2026-07-24,OK,
NKG,NON_FINANCIAL,BALANCE_SHEET,QUARTER,2026-07-25T07:14:35+00:00,4,vnstock_VCI_financial,2026-07-24,OK,
NKG,NON_FINANCIAL,INCOME_STATEMENT,QUARTER,2026-07-25T07:14:35+00:00,4,vnstock_VCI_financial,2026-07-24,OK,
NKG,NON_FINANCIAL,CASH_FLOW,QUARTER,2026-07-25T07:14:35+00:00,4,vnstock_VCI_financial,2026-07-24,OK,
NLG,NON_FINANCIAL,BALANCE_SHEET,QUARTER,2026-07-25T07:14:35+00:00,4,vnstock_VCI_financial,2026-07-24,OK,
NLG,NON_FINANCIAL,INCOME_STATEMENT,QUARTER,2026-07-25T07:14:35+00:00,4,vnstock_VCI_financial,2026-07-24,OK,
NLG,NON_FINANCIAL,CASH_FLOW,QUARTER,2026-07-25T07:14:35+00:00,4,vnstock_VCI_financial,2026-07-24,OK,
NNC,NON_FINANCIAL,BALANCE_SHEET,QUARTER,2026-07-25T07:14:35+00:00,4,vnstock_VCI_financial,2026-07-24,OK,
NNC,NON_FINANCIAL,INCOME_STATEMENT,QUARTER,2026-07-25T07:14:35+00:00,4,vnstock_VCI_financial,2026-07-24,OK,
NNC,NON_FINANCIAL,CASH_FLOW,QUARTER,2026-07-25T07:14:36+00:00,4,vnstock_VCI_financial,2026-07-24,OK,
NRC,NON_FINANCIAL,BALANCE_SHEET,QUARTER,2026-07-25T07:14:36+00:00,4,vnstock_VCI_financial,2026-07-24,OK,
NRC,NON_FINANCIAL,INCOME_STATEMENT,QUARTER,2026-07-25T07:14:36+00:00,4,vnstock_VCI_financial,2026-07-24,OK,
NRC,NON_FINANCIAL,CASH_FLOW,QUARTER,2026-07-25T07:14:36+00:00,4,vnstock_VCI_financial,2026-07-24,OK,
NT2,NON_FINANCIAL,BALANCE_SHEET,QUARTER,2026-07-25T07:14:36+00:00,4,vnstock_VCI_financial,2026-07-24,OK,
NT2,NON_FINANCIAL,INCOME_STATEMENT,QUARTER,2026-07-25T07:14:36+00:00,4,vnstock_VCI_financial,2026-07-24,OK,
NT2,NON_FINANCIAL,CASH_FLOW,QUARTER,2026-07-25T07:14:36+00:00,4,vnstock_VCI_financial,2026-07-24,OK,
NTC,NON_FINANCIAL,BALANCE_SHEET,QUARTER,2026-07-25T07:14:36+00:00,4,vnstock_VCI_financial,2026-07-24,OK,
NTC,NON_FINANCIAL,INCOME_STATEMENT,QUARTER,2026-07-25T07:14:36+00:00,4,vnstock_VCI_financial,2026-07-24,OK,
NTC,NON_FINANCIAL,CASH_FLOW,QUARTER,2026-07-25T07:14:37+00:00,4,vnstock_VCI_financial,2026-07-24,OK,
NTL,NON_FINANCIAL,BALANCE_SHEET,QUARTER,2026-07-25T07:14:37+00:00,4,vnstock_VCI_financial,2026-07-24,OK,
NTL,NON_FINANCIAL,INCOME_STATEMENT,QUARTER,2026-07-25T07:14:37+00:00,4,vnstock_VCI_financial,2026-07-24,OK,
NTL,NON_FINANCIAL,CASH_FLOW,QUARTER,2026-07-25T07:14:37+00:00,4,vnstock_VCI_financial,2026-07-24,OK,
NTP,NON_FINANCIAL,BALANCE_SHEET,QUARTER,2026-07-25T07:14:37+00:00,4,vnstock_VCI_financial,2026-07-24,OK,
NTP,NON_FINANCIAL,INCOME_STATEMENT,QUARTER,2026-07-25T07:14:37+00:00,4,vnstock_VCI_financial,2026-07-24,OK,
NTP,NON_FINANCIAL,CASH_FLOW,QUARTER,2026-07-25T07:14:37+00:00,4,vnstock_VCI_financial,2026-07-24,OK,
NVL,NON_FINANCIAL,BALANCE_SHEET,QUARTER,2026-07-25T07:14:37+00:00,4,vnstock_VCI_financial,2026-07-24,OK,
NVL,NON_FINANCIAL,INCOME_STATEMENT,QUARTER,2026-07-25T07:14:37+00:00,4,vnstock_VCI_financial,2026-07-24,OK,
NVL,NON_FINANCIAL,CASH_FLOW,QUARTER,2026-07-25T07:14:37+00:00,4,vnstock_VCI_financial,2026-07-24,OK,
OCH,NON_FINANCIAL,BALANCE_SHEET,QUARTER,2026-07-25T07:14:38+00:00,4,vnstock_VCI_financial,2026-07-24,OK,
OCH,NON_FINANCIAL,INCOME_STATEMENT,QUARTER,2026-07-25T07:14:38+00:00,4,vnstock_VCI_financial,2026-07-24,OK,
OCH,NON_FINANCIAL,CASH_FLOW,QUARTER,2026-07-25T07:14:38+00:00,4,vnstock_VCI_financial,2026-07-24,OK,
PAC,NON_FINANCIAL,BALANCE_SHEET,QUARTER,2026-07-25T07:14:38+00:00,4,vnstock_VCI_financial,2026-07-24,OK,
PAC,NON_FINANCIAL,INCOME_STATEMENT,QUARTER,2026-07-25T07:14:38+00:00,4,vnstock_VCI_financial,2026-07-24,OK,
PAC,NON_FINANCIAL,CASH_FLOW,QUARTER,2026-07-25T07:14:38+00:00,4,vnstock_VCI_financial,2026-07-24,OK,
PAN,NON_FINANCIAL,BALANCE_SHEET,QUARTER,2026-07-25T07:14:38+00:00,4,vnstock_VCI_financial,2026-07-24,OK,
PAN,NON_FINANCIAL,INCOME_STATEMENT,QUARTER,2026-07-25T07:14:38+00:00,4,vnstock_VCI_financial,2026-07-24,OK,
PAN,NON_FINANCIAL,CASH_FLOW,QUARTER,2026-07-25T07:14:39+00:00,4,vnstock_VCI_financial,2026-07-24,OK,
PC1,NON_FINANCIAL,BALANCE_SHEET,QUARTER,2026-07-25T07:14:39+00:00,4,vnstock_VCI_financial,2026-07-24,OK,
PC1,NON_FINANCIAL,INCOME_STATEMENT,QUARTER,2026-07-25T07:14:39+00:00,4,vnstock_VCI_financial,2026-07-24,OK,
PC1,NON_FINANCIAL,CASH_FLOW,QUARTER,2026-07-25T07:14:39+00:00,4,vnstock_VCI_financial,2026-07-24,OK,
PCH,NON_FINANCIAL,BALANCE_SHEET,QUARTER,2026-07-25T07:14:39+00:00,4,vnstock_VCI_financial,2026-07-24,OK,
PCH,NON_FINANCIAL,INCOME_STATEMENT,QUARTER,2026-07-25T07:14:39+00:00,4,vnstock_VCI_financial,2026-07-24,OK,
PCH,NON_FINANCIAL,CASH_FLOW,QUARTER,2026-07-25T07:14:39+00:00,4,vnstock_VCI_financial,2026-07-24,OK,
PDR,NON_FINANCIAL,BALANCE_SHEET,QUARTER,2026-07-25T07:14:39+00:00,4,vnstock_VCI_financial,2026-07-24,OK,
PDR,NON_FINANCIAL,INCOME_STATEMENT,QUARTER,2026-07-25T07:14:40+00:00,4,vnstock_VCI_financial,2026-07-24,OK,
PDR,NON_FINANCIAL,CASH_FLOW,QUARTER,2026-07-25T07:14:40+00:00,4,vnstock_VCI_financial,2026-07-24,OK,
PET,NON_FINANCIAL,BALANCE_SHEET,QUARTER,2026-07-25T07:14:40+00:00,4,vnstock_VCI_financial,2026-07-24,OK,
PET,NON_FINANCIAL,INCOME_STATEMENT,QUARTER,2026-07-25T07:14:40+00:00,4,vnstock_VCI_financial,2026-07-24,OK,
PET,NON_FINANCIAL,CASH_FLOW,QUARTER,2026-07-25T07:14:40+00:00,4,vnstock_VCI_financial,2026-07-24,OK,
PHR,NON_FINANCIAL,BALANCE_SHEET,QUARTER,2026-07-25T07:14:40+00:00,4,vnstock_VCI_financial,2026-07-24,OK,
PHR,NON_FINANCIAL,INCOME_STATEMENT,QUARTER,2026-07-25T07:14:40+00:00,4,vnstock_VCI_financial,2026-07-24,OK,
PHR,NON_FINANCIAL,CASH_FLOW,QUARTER,2026-07-25T07:14:40+00:00,4,vnstock_VCI_financial,2026-07-24,OK,
PLC,NON_FINANCIAL,BALANCE_SHEET,QUARTER,2026-07-25T07:14:40+00:00,4,vnstock_VCI_financial,2026-07-24,OK,
PLC,NON_FINANCIAL,INCOME_STATEMENT,QUARTER,2026-07-25T07:14:41+00:00,4,vnstock_VCI_financial,2026-07-24,OK,
PLC,NON_FINANCIAL,CASH_FLOW,QUARTER,2026-07-25T07:14:41+00:00,4,vnstock_VCI_financial,2026-07-24,OK,
PLX,NON_FINANCIAL,BALANCE_SHEET,QUARTER,2026-07-25T07:14:41+00:00,4,vnstock_VCI_financial,2026-07-24,OK,
PLX,NON_FINANCIAL,INCOME_STATEMENT,QUARTER,2026-07-25T07:14:41+00:00,4,vnstock_VCI_financial,2026-07-24,OK,
PLX,NON_FINANCIAL,CASH_FLOW,QUARTER,2026-07-25T07:14:41+00:00,4,vnstock_VCI_financial,2026-07-24,OK,
PNJ,NON_FINANCIAL,BALANCE_SHEET,QUARTER,2026-07-25T07:14:41+00:00,4,vnstock_VCI_financial,2026-07-24,OK,
PNJ,NON_FINANCIAL,INCOME_STATEMENT,QUARTER,2026-07-25T07:14:41+00:00,4,vnstock_VCI_financial,2026-07-24,OK,
PNJ,NON_FINANCIAL,CASH_FLOW,QUARTER,2026-07-25T07:14:41+00:00,4,vnstock_VCI_financial,2026-07-24,OK,
POW,NON_FINANCIAL,BALANCE_SHEET,QUARTER,2026-07-25T07:14:42+00:00,4,vnstock_VCI_financial,2026-07-24,OK,
POW,NON_FINANCIAL,INCOME_STATEMENT,QUARTER,2026-07-25T07:14:42+00:00,4,vnstock_VCI_financial,2026-07-24,OK,
POW,NON_FINANCIAL,CASH_FLOW,QUARTER,2026-07-25T07:14:42+00:00,4,vnstock_VCI_financial,2026-07-24,OK,
PPC,NON_FINANCIAL,BALANCE_SHEET,QUARTER,2026-07-25T07:14:42+00:00,4,vnstock_VCI_financial,2026-07-24,OK,
PPC,NON_FINANCIAL,INCOME_STATEMENT,QUARTER,2026-07-25T07:14:42+00:00,4,vnstock_VCI_financial,2026-07-24,OK,
PPC,NON_FINANCIAL,CASH_FLOW,QUARTER,2026-07-25T07:14:42+00:00,4,vnstock_VCI_financial,2026-07-24,OK,
PPT,NON_FINANCIAL,BALANCE_SHEET,QUARTER,2026-07-25T07:14:43+00:00,4,vnstock_VCI_financial,2026-07-24,OK,
PPT,NON_FINANCIAL,INCOME_STATEMENT,QUARTER,2026-07-25T07:14:43+00:00,4,vnstock_VCI_financial,2026-07-24,OK,
PPT,NON_FINANCIAL,CASH_FLOW,QUARTER,2026-07-25T07:14:43+00:00,4,vnstock_VCI_financial,2026-07-24,OK,
PSD,NON_FINANCIAL,BALANCE_SHEET,QUARTER,2026-07-25T07:14:43+00:00,4,vnstock_VCI_financial,2026-07-24,OK,
PSD,NON_FINANCIAL,INCOME_STATEMENT,QUARTER,2026-07-25T07:14:43+00:00,4,vnstock_VCI_financial,2026-07-24,OK,
PSD,NON_FINANCIAL,CASH_FLOW,QUARTER,2026-07-25T07:14:43+00:00,4,vnstock_VCI_financial,2026-07-24,OK,
PTB,NON_FINANCIAL,BALANCE_SHEET,QUARTER,2026-07-25T07:14:43+00:00,4,vnstock_VCI_financial,2026-07-24,OK,
PTB,NON_FINANCIAL,INCOME_STATEMENT,QUARTER,2026-07-25T07:14:44+00:00,4,vnstock_VCI_financial,2026-07-24,OK,
PTB,NON_FINANCIAL,CASH_FLOW,QUARTER,2026-07-25T07:14:44+00:00,4,vnstock_VCI_financial,2026-07-24,OK,
PVB,NON_FINANCIAL,BALANCE_SHEET,QUARTER,2026-07-25T07:14:44+00:00,4,vnstock_VCI_financial,2026-07-24,OK,
PVB,NON_FINANCIAL,INCOME_STATEMENT,QUARTER,2026-07-25T07:14:44+00:00,4,vnstock_VCI_financial,2026-07-24,OK,
PVB,NON_FINANCIAL,CASH_FLOW,QUARTER,2026-07-25T07:14:44+00:00,4,vnstock_VCI_financial,2026-07-24,OK,
PVC,NON_FINANCIAL,BALANCE_SHEET,QUARTER,2026-07-25T07:14:44+00:00,4,vnstock_VCI_financial,2026-07-24,OK,
PVC,NON_FINANCIAL,INCOME_STATEMENT,QUARTER,2026-07-25T07:14:44+00:00,4,vnstock_VCI_financial,2026-07-24,OK,
PVC,NON_FINANCIAL,CASH_FLOW,QUARTER,2026-07-25T07:14:44+00:00,4,vnstock_VCI_financial,2026-07-24,OK,
PVD,NON_FINANCIAL,BALANCE_SHEET,QUARTER,2026-07-25T07:14:45+00:00,4,vnstock_VCI_financial,2026-07-24,OK,
PVD,NON_FINANCIAL,INCOME_STATEMENT,QUARTER,2026-07-25T07:14:45+00:00,4,vnstock_VCI_financial,2026-07-24,OK,
PVD,NON_FINANCIAL,CASH_FLOW,QUARTER,2026-07-25T07:14:45+00:00,4,vnstock_VCI_financial,2026-07-24,OK,
PVP,NON_FINANCIAL,BALANCE_SHEET,QUARTER,2026-07-25T07:14:45+00:00,4,vnstock_VCI_financial,2026-07-24,OK,
PVP,NON_FINANCIAL,INCOME_STATEMENT,QUARTER,2026-07-25T07:14:45+00:00,4,vnstock_VCI_financial,2026-07-24,OK,
PVP,NON_FINANCIAL,CASH_FLOW,QUARTER,2026-07-25T07:14:45+00:00,4,vnstock_VCI_financial,2026-07-24,OK,
PVS,NON_FINANCIAL,BALANCE_SHEET,QUARTER,2026-07-25T07:14:45+00:00,4,vnstock_VCI_financial,2026-07-24,OK,
PVS,NON_FINANCIAL,INCOME_STATEMENT,QUARTER,2026-07-25T07:14:45+00:00,4,vnstock_VCI_financial,2026-07-24,OK,
PVS,NON_FINANCIAL,CASH_FLOW,QUARTER,2026-07-25T07:14:45+00:00,4,vnstock_VCI_financial,2026-07-25,OK,
PVT,NON_FINANCIAL,BALANCE_SHEET,QUARTER,2026-07-25T07:15:56+00:00,4,vnstock_VCI_financial,2026-07-25,OK,
PVT,NON_FINANCIAL,INCOME_STATEMENT,QUARTER,2026-07-25T07:16:01+00:00,4,vnstock_VCI_financial,2026-07-25,OK,
PVT,NON_FINANCIAL,CASH_FLOW,QUARTER,2026-07-25T07:16:06+00:00,4,vnstock_VCI_financial,2026-07-25,OK,
QCG,NON_FINANCIAL,BALANCE_SHEET,QUARTER,2026-07-25T07:16:10+00:00,4,vnstock_VCI_financial,2026-07-25,OK,
QCG,NON_FINANCIAL,INCOME_STATEMENT,QUARTER,2026-07-25T07:16:15+00:00,4,vnstock_VCI_financial,2026-07-25,OK,
QCG,NON_FINANCIAL,CASH_FLOW,QUARTER,2026-07-25T07:16:19+00:00,4,vnstock_VCI_financial,2026-07-25,OK,
RAL,NON_FINANCIAL,BALANCE_SHEET,QUARTER,2026-07-25T07:16:24+00:00,4,vnstock_VCI_financial,2026-07-25,OK,
RAL,NON_FINANCIAL,INCOME_STATEMENT,QUARTER,2026-07-25T07:16:29+00:00,4,vnstock_VCI_financial,2026-07-25,OK,
RAL,NON_FINANCIAL,CASH_FLOW,QUARTER,2026-07-25T07:16:33+00:00,4,vnstock_VCI_financial,2026-07-25,OK,
REE,NON_FINANCIAL,BALANCE_SHEET,QUARTER,2026-07-25T07:16:38+00:00,4,vnstock_VCI_financial,2026-07-25,OK,
REE,NON_FINANCIAL,INCOME_STATEMENT,QUARTER,2026-07-25T07:16:43+00:00,4,vnstock_VCI_financial,2026-07-25,OK,
REE,NON_FINANCIAL,CASH_FLOW,QUARTER,2026-07-25T07:16:47+00:00,4,vnstock_VCI_financial,2026-07-25,OK,
RYG,NON_FINANCIAL,BALANCE_SHEET,QUARTER,2026-07-25T07:16:52+00:00,4,vnstock_VCI_financial,2026-07-25,OK,
RYG,NON_FINANCIAL,INCOME_STATEMENT,QUARTER,2026-07-25T07:16:57+00:00,4,vnstock_VCI_financial,2026-07-25,OK,
RYG,NON_FINANCIAL,CASH_FLOW,QUARTER,2026-07-25T07:17:02+00:00,4,vnstock_VCI_financial,2026-07-25,OK,
SAB,NON_FINANCIAL,BALANCE_SHEET,QUARTER,2026-07-25T07:17:07+00:00,4,vnstock_VCI_financial,2026-07-25,OK,
SAB,NON_FINANCIAL,INCOME_STATEMENT,QUARTER,2026-07-25T07:17:11+00:00,4,vnstock_VCI_financial,2026-07-25,OK,
SAB,NON_FINANCIAL,CASH_FLOW,QUARTER,2026-07-25T07:17:16+00:00,4,vnstock_VCI_financial,2026-07-25,OK,
SAM,NON_FINANCIAL,BALANCE_SHEET,QUARTER,2026-07-25T07:17:21+00:00,4,vnstock_VCI_financial,2026-07-25,OK,
SAM,NON_FINANCIAL,INCOME_STATEMENT,QUARTER,2026-07-25T07:17:25+00:00,4,vnstock_VCI_financial,2026-07-25,OK,
SAM,NON_FINANCIAL,CASH_FLOW,QUARTER,2026-07-25T07:17:31+00:00,4,vnstock_VCI_financial,2026-07-25,OK,
SBG,NON_FINANCIAL,BALANCE_SHEET,QUARTER,2026-07-25T07:17:35+00:00,4,vnstock_VCI_financial,2026-07-25,OK,
SBG,NON_FINANCIAL,INCOME_STATEMENT,QUARTER,2026-07-25T07:17:40+00:00,4,vnstock_VCI_financial,2026-07-25,OK,
SBG,NON_FINANCIAL,CASH_FLOW,QUARTER,2026-07-25T07:17:44+00:00,4,vnstock_VCI_financial,2026-07-25,OK,
SBT,NON_FINANCIAL,BALANCE_SHEET,QUARTER,2026-07-25T07:17:51+00:00,4,vnstock_VCI_financial,2026-07-25,OK,
SBT,NON_FINANCIAL,INCOME_STATEMENT,QUARTER,2026-07-25T07:17:57+00:00,4,vnstock_VCI_financial,2026-07-25,OK,
SBT,NON_FINANCIAL,CASH_FLOW,QUARTER,2026-07-25T07:18:04+00:00,4,vnstock_VCI_financial,2026-07-25,OK,
SCG,NON_FINANCIAL,BALANCE_SHEET,QUARTER,2026-07-25T07:18:10+00:00,4,vnstock_VCI_financial,2026-07-25,OK,
SCG,NON_FINANCIAL,INCOME_STATEMENT,QUARTER,2026-07-25T07:18:16+00:00,4,vnstock_VCI_financial,2026-07-25,OK,
SCG,NON_FINANCIAL,CASH_FLOW,QUARTER,2026-07-25T07:18:22+00:00,4,vnstock_VCI_financial,2026-07-25,OK,
SCR,NON_FINANCIAL,BALANCE_SHEET,QUARTER,2026-07-25T07:18:28+00:00,4,vnstock_VCI_financial,2026-07-25,OK,
SCR,NON_FINANCIAL,INCOME_STATEMENT,QUARTER,2026-07-25T07:18:34+00:00,4,vnstock_VCI_financial,2026-07-25,OK,
SCR,NON_FINANCIAL,CASH_FLOW,QUARTER,2026-07-25T07:18:39+00:00,4,vnstock_VCI_financial,2026-07-25,OK,
SCS,NON_FINANCIAL,BALANCE_SHEET,QUARTER,2026-07-25T07:18:43+00:00,4,vnstock_VCI_financial,2026-07-25,OK,
SCS,NON_FINANCIAL,INCOME_STATEMENT,QUARTER,2026-07-25T07:18:48+00:00,4,vnstock_VCI_financial,2026-07-25,OK,
SCS,NON_FINANCIAL,CASH_FLOW,QUARTER,2026-07-25T07:18:52+00:00,4,vnstock_VCI_financial,2026-07-25,OK,
SGR,NON_FINANCIAL,BALANCE_SHEET,QUARTER,2026-07-25T07:18:57+00:00,4,vnstock_VCI_financial,2026-07-25,OK,
SGR,NON_FINANCIAL,INCOME_STATEMENT,QUARTER,2026-07-25T07:19:01+00:00,4,vnstock_VCI_financial,2026-07-25,OK,
SGR,NON_FINANCIAL,CASH_FLOW,QUARTER,2026-07-25T07:19:06+00:00,4,vnstock_VCI_financial,2026-07-25,OK,
SHI,NON_FINANCIAL,BALANCE_SHEET,QUARTER,2026-07-25T07:19:11+00:00,4,vnstock_VCI_financial,2026-07-25,OK,
SHI,NON_FINANCIAL,INCOME_STATEMENT,QUARTER,2026-07-25T07:19:16+00:00,4,vnstock_VCI_financial,2026-07-25,OK,
SHI,NON_FINANCIAL,CASH_FLOW,QUARTER,2026-07-25T07:19:20+00:00,4,vnstock_VCI_financial,2026-07-25,OK,
SHN,NON_FINANCIAL,BALANCE_SHEET,QUARTER,2026-07-25T07:19:25+00:00,4,vnstock_VCI_financial,2026-07-25,OK,
SHN,NON_FINANCIAL,INCOME_STATEMENT,QUARTER,2026-07-25T07:19:30+00:00,4,vnstock_VCI_financial,2026-07-25,OK,
SHN,NON_FINANCIAL,CASH_FLOW,QUARTER,2026-07-25T07:19:35+00:00,4,vnstock_VCI_financial,2026-07-25,OK,
SIP,NON_FINANCIAL,BALANCE_SHEET,QUARTER,2026-07-25T07:19:39+00:00,4,vnstock_VCI_financial,2026-07-25,OK,
SIP,NON_FINANCIAL,INCOME_STATEMENT,QUARTER,2026-07-25T07:19:45+00:00,4,vnstock_VCI_financial,2026-07-25,OK,
SIP,NON_FINANCIAL,CASH_FLOW,QUARTER,2026-07-25T07:19:49+00:00,4,vnstock_VCI_financial,2026-07-25,OK,
SJD,NON_FINANCIAL,BALANCE_SHEET,QUARTER,2026-07-25T07:19:54+00:00,4,vnstock_VCI_financial,2026-07-25,OK,
SJD,NON_FINANCIAL,INCOME_STATEMENT,QUARTER,2026-07-25T07:19:59+00:00,4,vnstock_VCI_financial,2026-07-25,OK,
SJD,NON_FINANCIAL,CASH_FLOW,QUARTER,2026-07-25T07:20:03+00:00,4,vnstock_VCI_financial,2026-07-25,OK,
SJS,NON_FINANCIAL,BALANCE_SHEET,QUARTER,2026-07-25T07:20:08+00:00,4,vnstock_VCI_financial,2026-07-25,OK,
SJS,NON_FINANCIAL,INCOME_STATEMENT,QUARTER,2026-07-25T07:20:13+00:00,4,vnstock_VCI_financial,2026-07-25,OK,
SJS,NON_FINANCIAL,CASH_FLOW,QUARTER,2026-07-25T07:20:18+00:00,4,vnstock_VCI_financial,2026-07-25,OK,
SMC,NON_FINANCIAL,BALANCE_SHEET,QUARTER,2026-07-25T07:20:23+00:00,4,vnstock_VCI_financial,2026-07-25,OK,
SMC,NON_FINANCIAL,INCOME_STATEMENT,QUARTER,2026-07-25T07:20:27+00:00,4,vnstock_VCI_financial,2026-07-25,OK,
SMC,NON_FINANCIAL,CASH_FLOW,QUARTER,2026-07-25T07:20:32+00:00,4,vnstock_VCI_financial,2026-07-25,OK,
SRA,NON_FINANCIAL,BALANCE_SHEET,QUARTER,2026-07-25T07:20:37+00:00,4,vnstock_VCI_financial,2026-07-25,OK,
SRA,NON_FINANCIAL,INCOME_STATEMENT,QUARTER,2026-07-25T07:20:42+00:00,4,vnstock_VCI_financial,2026-07-25,OK,
SRA,NON_FINANCIAL,CASH_FLOW,QUARTER,2026-07-25T07:20:47+00:00,4,vnstock_VCI_financial,2026-07-25,OK,
SVN,NON_FINANCIAL,BALANCE_SHEET,QUARTER,2026-07-25T07:20:52+00:00,4,vnstock_VCI_financial,2026-07-25,OK,
SVN,NON_FINANCIAL,INCOME_STATEMENT,QUARTER,2026-07-25T07:20:57+00:00,4,vnstock_VCI_financial,2026-07-25,OK,
SVN,NON_FINANCIAL,CASH_FLOW,QUARTER,2026-07-25T07:21:03+00:00,4,vnstock_VCI_financial,2026-07-25,OK,
SZC,NON_FINANCIAL,BALANCE_SHEET,QUARTER,2026-07-25T07:21:08+00:00,4,vnstock_VCI_financial,2026-07-25,OK,
SZC,NON_FINANCIAL,INCOME_STATEMENT,QUARTER,2026-07-25T07:21:13+00:00,4,vnstock_VCI_financial,2026-07-25,OK,
SZC,NON_FINANCIAL,CASH_FLOW,QUARTER,2026-07-25T07:21:19+00:00,4,vnstock_VCI_financial,2026-07-25,OK,
SZL,NON_FINANCIAL,BALANCE_SHEET,QUARTER,2026-07-25T07:21:24+00:00,4,vnstock_VCI_financial,2026-07-25,OK,
SZL,NON_FINANCIAL,INCOME_STATEMENT,QUARTER,2026-07-25T07:21:29+00:00,4,vnstock_VCI_financial,2026-07-25,OK,
SZL,NON_FINANCIAL,CASH_FLOW,QUARTER,2026-07-25T07:21:33+00:00,4,vnstock_VCI_financial,2026-07-25,OK,
TAL,NON_FINANCIAL,BALANCE_SHEET,QUARTER,2026-07-25T07:21:39+00:00,4,vnstock_VCI_financial,2026-07-25,OK,
TAL,NON_FINANCIAL,INCOME_STATEMENT,QUARTER,2026-07-25T07:21:43+00:00,4,vnstock_VCI_financial,2026-07-25,OK,
TAL,NON_FINANCIAL,CASH_FLOW,QUARTER,2026-07-25T07:21:48+00:00,4,vnstock_VCI_financial,2026-07-25,OK,
TCD,NON_FINANCIAL,BALANCE_SHEET,QUARTER,2026-07-25T07:21:52+00:00,4,vnstock_VCI_financial,2026-07-25,OK,
TCD,NON_FINANCIAL,INCOME_STATEMENT,QUARTER,2026-07-25T07:21:57+00:00,4,vnstock_VCI_financial,2026-07-25,OK,
TCD,NON_FINANCIAL,CASH_FLOW,QUARTER,2026-07-25T07:22:03+00:00,4,vnstock_VCI_financial,2026-07-25,OK,
TCH,NON_FINANCIAL,BALANCE_SHEET,QUARTER,2026-07-25T07:22:08+00:00,4,vnstock_VCI_financial,2026-07-25,OK,
TCH,NON_FINANCIAL,INCOME_STATEMENT,QUARTER,2026-07-25T07:22:13+00:00,4,vnstock_VCI_financial,2026-07-25,OK,
TCH,NON_FINANCIAL,CASH_FLOW,QUARTER,2026-07-25T07:22:18+00:00,4,vnstock_VCI_financial,2026-07-25,OK,
TCM,NON_FINANCIAL,BALANCE_SHEET,QUARTER,2026-07-25T07:22:23+00:00,4,vnstock_VCI_financial,2026-07-25,OK,
TCM,NON_FINANCIAL,INCOME_STATEMENT,QUARTER,2026-07-25T07:22:28+00:00,4,vnstock_VCI_financial,2026-07-25,OK,
TCM,NON_FINANCIAL,CASH_FLOW,QUARTER,2026-07-25T07:22:34+00:00,4,vnstock_VCI_financial,2026-07-25,OK,
TCO,NON_FINANCIAL,BALANCE_SHEET,QUARTER,2026-07-25T07:22:39+00:00,4,vnstock_VCI_financial,2026-07-25,OK,
TCO,NON_FINANCIAL,INCOME_STATEMENT,QUARTER,2026-07-25T07:22:44+00:00,4,vnstock_VCI_financial,2026-07-25,OK,
TCO,NON_FINANCIAL,CASH_FLOW,QUARTER,2026-07-25T07:22:50+00:00,4,vnstock_VCI_financial,2026-07-25,OK,
TDC,NON_FINANCIAL,BALANCE_SHEET,QUARTER,2026-07-25T07:22:56+00:00,4,vnstock_VCI_financial,2026-07-25,OK,
TDC,NON_FINANCIAL,INCOME_STATEMENT,QUARTER,2026-07-25T07:23:00+00:00,4,vnstock_VCI_financial,2026-07-25,OK,
TDC,NON_FINANCIAL,CASH_FLOW,QUARTER,2026-07-25T07:23:06+00:00,4,vnstock_VCI_financial,2026-07-25,OK,
TDP,NON_FINANCIAL,BALANCE_SHEET,QUARTER,2026-07-25T07:23:11+00:00,4,vnstock_VCI_financial,2026-07-25,OK,
TDP,NON_FINANCIAL,INCOME_STATEMENT,QUARTER,2026-07-25T07:23:16+00:00,4,vnstock_VCI_financial,2026-07-25,OK,
TDP,NON_FINANCIAL,CASH_FLOW,QUARTER,2026-07-25T07:23:21+00:00,4,vnstock_VCI_financial,2026-07-25,OK,
THD,NON_FINANCIAL,BALANCE_SHEET,QUARTER,2026-07-25T07:23:27+00:00,4,vnstock_VCI_financial,2026-07-25,OK,
THD,NON_FINANCIAL,INCOME_STATEMENT,QUARTER,2026-07-25T07:23:32+00:00,4,vnstock_VCI_financial,2026-07-25,OK,
THD,NON_FINANCIAL,CASH_FLOW,QUARTER,2026-07-25T07:23:37+00:00,4,vnstock_VCI_financial,2026-07-25,OK,
THG,NON_FINANCIAL,BALANCE_SHEET,QUARTER,2026-07-25T07:23:43+00:00,4,vnstock_VCI_financial,2026-07-25,OK,
THG,NON_FINANCIAL,INCOME_STATEMENT,QUARTER,2026-07-25T07:23:47+00:00,4,vnstock_VCI_financial,2026-07-25,OK,
THG,NON_FINANCIAL,CASH_FLOW,QUARTER,2026-07-25T07:23:52+00:00,4,vnstock_VCI_financial,2026-07-25,OK,
TIG,NON_FINANCIAL,BALANCE_SHEET,QUARTER,2026-07-25T07:23:57+00:00,4,vnstock_VCI_financial,2026-07-25,OK,
TIG,NON_FINANCIAL,INCOME_STATEMENT,QUARTER,2026-07-25T07:24:02+00:00,4,vnstock_VCI_financial,2026-07-25,OK,
TIG,NON_FINANCIAL,CASH_FLOW,QUARTER,2026-07-25T07:24:06+00:00,4,vnstock_VCI_financial,2026-07-25,OK,
TIP,NON_FINANCIAL,BALANCE_SHEET,QUARTER,2026-07-25T07:24:11+00:00,4,vnstock_VCI_financial,2026-07-25,OK,
TIP,NON_FINANCIAL,INCOME_STATEMENT,QUARTER,2026-07-25T07:24:16+00:00,4,vnstock_VCI_financial,2026-07-25,OK,
TIP,NON_FINANCIAL,CASH_FLOW,QUARTER,2026-07-25T07:24:20+00:00,4,vnstock_VCI_financial,2026-07-25,OK,
TLD,NON_FINANCIAL,BALANCE_SHEET,QUARTER,2026-07-25T07:24:25+00:00,4,vnstock_VCI_financial,2026-07-25,OK,
TLD,NON_FINANCIAL,INCOME_STATEMENT,QUARTER,2026-07-25T07:24:30+00:00,4,vnstock_VCI_financial,2026-07-25,OK,
TLD,NON_FINANCIAL,CASH_FLOW,QUARTER,2026-07-25T07:24:34+00:00,4,vnstock_VCI_financial,2026-07-25,OK,
TLG,NON_FINANCIAL,BALANCE_SHEET,QUARTER,2026-07-25T07:24:39+00:00,4,vnstock_VCI_financial,2026-07-25,OK,
TLG,NON_FINANCIAL,INCOME_STATEMENT,QUARTER,2026-07-25T07:24:44+00:00,4,vnstock_VCI_financial,2026-07-25,OK,
TLG,NON_FINANCIAL,CASH_FLOW,QUARTER,2026-07-25T07:24:50+00:00,4,vnstock_VCI_financial,2026-07-25,OK,
TLH,NON_FINANCIAL,BALANCE_SHEET,QUARTER,2026-07-25T07:24:55+00:00,4,vnstock_VCI_financial,2026-07-25,OK,
TLH,NON_FINANCIAL,INCOME_STATEMENT,QUARTER,2026-07-25T07:25:00+00:00,4,vnstock_VCI_financial,2026-07-25,OK,
TLH,NON_FINANCIAL,CASH_FLOW,QUARTER,2026-07-25T07:25:05+00:00,4,vnstock_VCI_financial,2026-07-25,OK,
TNG,NON_FINANCIAL,BALANCE_SHEET,QUARTER,2026-07-25T07:25:10+00:00,4,vnstock_VCI_financial,2026-07-25,OK,
TNG,NON_FINANCIAL,INCOME_STATEMENT,QUARTER,2026-07-25T07:25:15+00:00,4,vnstock_VCI_financial,2026-07-25,OK,
TNG,NON_FINANCIAL,CASH_FLOW,QUARTER,2026-07-25T07:25:20+00:00,4,vnstock_VCI_financial,2026-07-25,OK,
TNH,NON_FINANCIAL,BALANCE_SHEET,QUARTER,2026-07-25T07:25:26+00:00,4,vnstock_VCI_financial,2026-07-25,OK,
TNH,NON_FINANCIAL,INCOME_STATEMENT,QUARTER,2026-07-25T07:25:33+00:00,4,vnstock_VCI_financial,2026-07-25,OK,
TNH,NON_FINANCIAL,CASH_FLOW,QUARTER,2026-07-25T07:25:38+00:00,4,vnstock_VCI_financial,2026-07-25,OK,
TPC,NON_FINANCIAL,BALANCE_SHEET,QUARTER,2026-07-25T07:25:43+00:00,4,vnstock_VCI_financial,2026-07-25,OK,
TPC,NON_FINANCIAL,INCOME_STATEMENT,QUARTER,2026-07-25T07:25:49+00:00,4,vnstock_VCI_financial,2026-07-25,OK,
TPC,NON_FINANCIAL,CASH_FLOW,QUARTER,2026-07-25T07:25:57+00:00,4,vnstock_VCI_financial,2026-07-25,OK,
TRA,NON_FINANCIAL,BALANCE_SHEET,QUARTER,2026-07-25T07:26:03+00:00,4,vnstock_VCI_financial,2026-07-25,OK,
TRA,NON_FINANCIAL,INCOME_STATEMENT,QUARTER,2026-07-25T07:26:10+00:00,4,vnstock_VCI_financial,2026-07-25,OK,
TRA,NON_FINANCIAL,CASH_FLOW,QUARTER,2026-07-25T07:26:16+00:00,4,vnstock_VCI_financial,2026-07-25,OK,
TRC,NON_FINANCIAL,BALANCE_SHEET,QUARTER,2026-07-25T07:26:23+00:00,4,vnstock_VCI_financial,2026-07-25,OK,
TRC,NON_FINANCIAL,INCOME_STATEMENT,QUARTER,2026-07-25T07:26:30+00:00,4,vnstock_VCI_financial,2026-07-25,OK,
TRC,NON_FINANCIAL,CASH_FLOW,QUARTER,2026-07-25T07:26:37+00:00,4,vnstock_VCI_financial,2026-07-25,OK,
TSA,NON_FINANCIAL,BALANCE_SHEET,QUARTER,2026-07-25T07:26:43+00:00,4,vnstock_VCI_financial,2026-07-25,OK,
TSA,NON_FINANCIAL,INCOME_STATEMENT,QUARTER,2026-07-25T07:26:50+00:00,4,vnstock_VCI_financial,2026-07-25,OK,
TSA,NON_FINANCIAL,CASH_FLOW,QUARTER,2026-07-25T07:26:58+00:00,4,vnstock_VCI_financial,2026-07-25,OK,
TSC,NON_FINANCIAL,BALANCE_SHEET,QUARTER,2026-07-25T07:27:06+00:00,4,vnstock_VCI_financial,2026-07-25,OK,
TSC,NON_FINANCIAL,INCOME_STATEMENT,QUARTER,2026-07-25T07:27:14+00:00,4,vnstock_VCI_financial,2026-07-25,OK,
TSC,NON_FINANCIAL,CASH_FLOW,QUARTER,2026-07-25T07:27:20+00:00,4,vnstock_VCI_financial,2026-07-25,OK,
TTA,NON_FINANCIAL,BALANCE_SHEET,QUARTER,2026-07-25T07:27:27+00:00,4,vnstock_VCI_financial,2026-07-25,OK,
TTA,NON_FINANCIAL,INCOME_STATEMENT,QUARTER,2026-07-25T07:27:33+00:00,4,vnstock_VCI_financial,2026-07-25,OK,
TTA,NON_FINANCIAL,CASH_FLOW,QUARTER,2026-07-25T07:27:40+00:00,4,vnstock_VCI_financial,2026-07-25,OK,
TTF,NON_FINANCIAL,BALANCE_SHEET,QUARTER,2026-07-25T07:27:46+00:00,4,vnstock_VCI_financial,2026-07-25,OK,
TTF,NON_FINANCIAL,INCOME_STATEMENT,QUARTER,2026-07-25T07:27:51+00:00,4,vnstock_VCI_financial,2026-07-25,OK,
TTF,NON_FINANCIAL,CASH_FLOW,QUARTER,2026-07-25T07:27:56+00:00,4,vnstock_VCI_financial,2026-07-25,OK,
TV2,NON_FINANCIAL,BALANCE_SHEET,QUARTER,2026-07-25T07:28:01+00:00,4,vnstock_VCI_financial,2026-07-25,OK,
TV2,NON_FINANCIAL,INCOME_STATEMENT,QUARTER,2026-07-25T07:28:06+00:00,4,vnstock_VCI_financial,2026-07-25,OK,
TV2,NON_FINANCIAL,CASH_FLOW,QUARTER,2026-07-25T07:28:10+00:00,4,vnstock_VCI_financial,2026-07-25,OK,
UNI,NON_FINANCIAL,BALANCE_SHEET,QUARTER,2026-07-25T07:28:16+00:00,4,vnstock_VCI_financial,2026-07-25,OK,
UNI,NON_FINANCIAL,INCOME_STATEMENT,QUARTER,2026-07-25T07:28:21+00:00,4,vnstock_VCI_financial,2026-07-25,OK,
UNI,NON_FINANCIAL,CASH_FLOW,QUARTER,2026-07-25T07:28:26+00:00,4,vnstock_VCI_financial,2026-07-25,OK,
VC3,NON_FINANCIAL,BALANCE_SHEET,QUARTER,2026-07-25T07:28:32+00:00,4,vnstock_VCI_financial,2026-07-25,OK,
VC3,NON_FINANCIAL,INCOME_STATEMENT,QUARTER,2026-07-25T07:28:37+00:00,4,vnstock_VCI_financial,2026-07-25,OK,
VC3,NON_FINANCIAL,CASH_FLOW,QUARTER,2026-07-25T07:28:42+00:00,4,vnstock_VCI_financial,2026-07-25,OK,
VC7,NON_FINANCIAL,BALANCE_SHEET,QUARTER,2026-07-25T07:28:47+00:00,4,vnstock_VCI_financial,2026-07-25,OK,
VC7,NON_FINANCIAL,INCOME_STATEMENT,QUARTER,2026-07-25T07:28:52+00:00,4,vnstock_VCI_financial,2026-07-25,OK,
VC7,NON_FINANCIAL,CASH_FLOW,QUARTER,2026-07-25T07:28:58+00:00,4,vnstock_VCI_financial,2026-07-25,OK,
VCG,NON_FINANCIAL,BALANCE_SHEET,QUARTER,2026-07-25T07:29:03+00:00,4,vnstock_VCI_financial,2026-07-25,OK,
VCG,NON_FINANCIAL,INCOME_STATEMENT,QUARTER,2026-07-25T07:29:08+00:00,4,vnstock_VCI_financial,2026-07-25,OK,
VCG,NON_FINANCIAL,CASH_FLOW,QUARTER,2026-07-25T07:29:13+00:00,4,vnstock_VCI_financial,2026-07-25,OK,
VCS,NON_FINANCIAL,BALANCE_SHEET,QUARTER,2026-07-25T07:29:19+00:00,4,vnstock_VCI_financial,2026-07-25,OK,
VCS,NON_FINANCIAL,INCOME_STATEMENT,QUARTER,2026-07-25T07:29:24+00:00,4,vnstock_VCI_financial,2026-07-25,OK,
VCS,NON_FINANCIAL,CASH_FLOW,QUARTER,2026-07-25T07:29:29+00:00,4,vnstock_VCI_financial,2026-07-25,OK,
VFG,NON_FINANCIAL,BALANCE_SHEET,QUARTER,2026-07-25T07:29:34+00:00,4,vnstock_VCI_financial,2026-07-25,OK,
VFG,NON_FINANCIAL,INCOME_STATEMENT,QUARTER,2026-07-25T07:29:39+00:00,4,vnstock_VCI_financial,2026-07-25,OK,
VFG,NON_FINANCIAL,CASH_FLOW,QUARTER,2026-07-25T07:29:45+00:00,4,vnstock_VCI_financial,2026-07-25,OK,
VGC,NON_FINANCIAL,BALANCE_SHEET,QUARTER,2026-07-25T07:29:50+00:00,4,vnstock_VCI_financial,2026-07-25,OK,
VGC,NON_FINANCIAL,INCOME_STATEMENT,QUARTER,2026-07-25T07:29:55+00:00,4,vnstock_VCI_financial,2026-07-25,OK,
VGC,NON_FINANCIAL,CASH_FLOW,QUARTER,2026-07-25T07:30:00+00:00,4,vnstock_VCI_financial,2026-07-25,OK,
VGS,NON_FINANCIAL,BALANCE_SHEET,QUARTER,2026-07-25T07:30:05+00:00,4,vnstock_VCI_financial,2026-07-25,OK,
VGS,NON_FINANCIAL,INCOME_STATEMENT,QUARTER,2026-07-25T07:30:11+00:00,4,vnstock_VCI_financial,2026-07-25,OK,
VGS,NON_FINANCIAL,CASH_FLOW,QUARTER,2026-07-25T07:30:16+00:00,4,vnstock_VCI_financial,2026-07-25,OK,
VHC,NON_FINANCIAL,BALANCE_SHEET,QUARTER,2026-07-25T07:30:21+00:00,4,vnstock_VCI_financial,2026-07-25,OK,
VHC,NON_FINANCIAL,INCOME_STATEMENT,QUARTER,2026-07-25T07:30:26+00:00,4,vnstock_VCI_financial,2026-07-25,OK,
VHC,NON_FINANCIAL,CASH_FLOW,QUARTER,2026-07-25T07:30:31+00:00,4,vnstock_VCI_financial,2026-07-25,OK,
VHE,NON_FINANCIAL,BALANCE_SHEET,QUARTER,2026-07-25T07:30:36+00:00,4,vnstock_VCI_financial,2026-07-25,OK,
VHE,NON_FINANCIAL,INCOME_STATEMENT,QUARTER,2026-07-25T07:30:42+00:00,4,vnstock_VCI_financial,2026-07-25,OK,
VHE,NON_FINANCIAL,CASH_FLOW,QUARTER,2026-07-25T07:30:47+00:00,4,vnstock_VCI_financial,2026-07-25,OK,
VHM,NON_FINANCIAL,BALANCE_SHEET,QUARTER,2026-07-25T07:30:52+00:00,4,vnstock_VCI_financial,2026-07-25,OK,
VHM,NON_FINANCIAL,INCOME_STATEMENT,QUARTER,2026-07-25T07:30:58+00:00,4,vnstock_VCI_financial,2026-07-25,OK,
VHM,NON_FINANCIAL,CASH_FLOW,QUARTER,2026-07-25T07:31:04+00:00,4,vnstock_VCI_financial,2026-07-25,OK,
VIC,NON_FINANCIAL,BALANCE_SHEET,QUARTER,2026-07-25T07:31:09+00:00,4,vnstock_VCI_financial,2026-07-25,OK,
VIC,NON_FINANCIAL,INCOME_STATEMENT,QUARTER,2026-07-25T07:31:14+00:00,4,vnstock_VCI_financial,2026-07-25,OK,
VIC,NON_FINANCIAL,CASH_FLOW,QUARTER,2026-07-25T07:31:19+00:00,4,vnstock_VCI_financial,2026-07-25,OK,
VIP,NON_FINANCIAL,BALANCE_SHEET,QUARTER,2026-07-25T07:31:25+00:00,4,vnstock_VCI_financial,2026-07-25,OK,
VIP,NON_FINANCIAL,INCOME_STATEMENT,QUARTER,2026-07-25T07:31:29+00:00,4,vnstock_VCI_financial,2026-07-25,OK,
VIP,NON_FINANCIAL,CASH_FLOW,QUARTER,2026-07-25T07:31:34+00:00,4,vnstock_VCI_financial,2026-07-25,OK,
VIT,NON_FINANCIAL,BALANCE_SHEET,QUARTER,2026-07-25T07:31:40+00:00,4,vnstock_VCI_financial,2026-07-25,OK,
VIT,NON_FINANCIAL,INCOME_STATEMENT,QUARTER,2026-07-25T07:31:45+00:00,4,vnstock_VCI_financial,2026-07-25,OK,
VIT,NON_FINANCIAL,CASH_FLOW,QUARTER,2026-07-25T07:31:50+00:00,4,vnstock_VCI_financial,2026-07-25,OK,
VJC,NON_FINANCIAL,BALANCE_SHEET,QUARTER,2026-07-25T07:31:55+00:00,4,vnstock_VCI_financial,2026-07-25,OK,
VJC,NON_FINANCIAL,INCOME_STATEMENT,QUARTER,2026-07-25T07:32:00+00:00,4,vnstock_VCI_financial,2026-07-25,OK,
VJC,NON_FINANCIAL,CASH_FLOW,QUARTER,2026-07-25T07:32:06+00:00,4,vnstock_VCI_financial,2026-07-25,OK,
VNM,NON_FINANCIAL,BALANCE_SHEET,QUARTER,2026-07-25T07:32:11+00:00,4,vnstock_VCI_financial,2026-07-25,OK,
VNM,NON_FINANCIAL,INCOME_STATEMENT,QUARTER,2026-07-25T07:32:16+00:00,4,vnstock_VCI_financial,2026-07-25,OK,
VNM,NON_FINANCIAL,CASH_FLOW,QUARTER,2026-07-25T07:32:22+00:00,4,vnstock_VCI_financial,2026-07-25,OK,
VOS,NON_FINANCIAL,BALANCE_SHEET,QUARTER,2026-07-25T07:32:27+00:00,4,vnstock_VCI_financial,2026-07-25,OK,
VOS,NON_FINANCIAL,INCOME_STATEMENT,QUARTER,2026-07-25T07:32:32+00:00,4,vnstock_VCI_financial,2026-07-25,OK,
VOS,NON_FINANCIAL,CASH_FLOW,QUARTER,2026-07-25T07:32:37+00:00,4,vnstock_VCI_financial,2026-07-25,OK,
VPG,NON_FINANCIAL,BALANCE_SHEET,QUARTER,2026-07-25T07:32:42+00:00,4,vnstock_VCI_financial,2026-07-25,OK,
VPG,NON_FINANCIAL,INCOME_STATEMENT,QUARTER,2026-07-25T07:32:47+00:00,4,vnstock_VCI_financial,2026-07-25,OK,
VPG,NON_FINANCIAL,CASH_FLOW,QUARTER,2026-07-25T07:32:51+00:00,4,vnstock_VCI_financial,2026-07-25,OK,
VPI,NON_FINANCIAL,BALANCE_SHEET,QUARTER,2026-07-25T07:32:56+00:00,4,vnstock_VCI_financial,2026-07-25,OK,
VPI,NON_FINANCIAL,INCOME_STATEMENT,QUARTER,2026-07-25T07:33:00+00:00,4,vnstock_VCI_financial,2026-07-25,OK,
VPI,NON_FINANCIAL,CASH_FLOW,QUARTER,2026-07-25T07:33:05+00:00,4,vnstock_VCI_financial,2026-07-25,OK,
VPL,NON_FINANCIAL,BALANCE_SHEET,QUARTER,2026-07-25T07:33:10+00:00,4,vnstock_VCI_financial,2026-07-25,OK,
VPL,NON_FINANCIAL,INCOME_STATEMENT,QUARTER,2026-07-25T07:33:15+00:00,4,vnstock_VCI_financial,2026-07-25,OK,
VPL,NON_FINANCIAL,CASH_FLOW,QUARTER,2026-07-25T07:33:20+00:00,4,vnstock_VCI_financial,2026-07-25,OK,
VRE,NON_FINANCIAL,BALANCE_SHEET,QUARTER,2026-07-25T07:33:25+00:00,4,vnstock_VCI_financial,2026-07-25,OK,
VRE,NON_FINANCIAL,INCOME_STATEMENT,QUARTER,2026-07-25T07:33:30+00:00,4,vnstock_VCI_financial,2026-07-25,OK,
VRE,NON_FINANCIAL,CASH_FLOW,QUARTER,2026-07-25T07:33:36+00:00,4,vnstock_VCI_financial,2026-07-25,OK,
VSC,NON_FINANCIAL,BALANCE_SHEET,QUARTER,2026-07-25T07:33:41+00:00,4,vnstock_VCI_financial,2026-07-25,OK,
VSC,NON_FINANCIAL,INCOME_STATEMENT,QUARTER,2026-07-25T07:33:46+00:00,4,vnstock_VCI_financial,2026-07-25,OK,
VSC,NON_FINANCIAL,CASH_FLOW,QUARTER,2026-07-25T07:33:52+00:00,4,vnstock_VCI_financial,2026-07-25,OK,
VTO,NON_FINANCIAL,BALANCE_SHEET,QUARTER,2026-07-25T07:33:57+00:00,4,vnstock_VCI_financial,2026-07-25,OK,
VTO,NON_FINANCIAL,INCOME_STATEMENT,QUARTER,2026-07-25T07:34:01+00:00,4,vnstock_VCI_financial,2026-07-25,OK,
VTO,NON_FINANCIAL,CASH_FLOW,QUARTER,2026-07-25T07:34:06+00:00,4,vnstock_VCI_financial,2026-07-25,OK,
VTP,NON_FINANCIAL,BALANCE_SHEET,QUARTER,2026-07-25T07:34:12+00:00,4,vnstock_VCI_financial,2026-07-25,OK,
VTP,NON_FINANCIAL,INCOME_STATEMENT,QUARTER,2026-07-25T07:34:17+00:00,4,vnstock_VCI_financial,2026-07-25,OK,
VTP,NON_FINANCIAL,CASH_FLOW,QUARTER,2026-07-25T07:34:22+00:00,4,vnstock_VCI_financial,2026-07-25,OK,
VTZ,NON_FINANCIAL,BALANCE_SHEET,QUARTER,2026-07-25T07:34:27+00:00,4,vnstock_VCI_financial,2026-07-25,OK,
VTZ,NON_FINANCIAL,INCOME_STATEMENT,QUARTER,2026-07-25T07:34:32+00:00,4,vnstock_VCI_financial,2026-07-25,OK,
VTZ,NON_FINANCIAL,CASH_FLOW,QUARTER,2026-07-25T07:34:36+00:00,4,vnstock_VCI_financial,2026-07-25,OK,
VVS,NON_FINANCIAL,BALANCE_SHEET,QUARTER,2026-07-25T07:34:41+00:00,4,vnstock_VCI_financial,2026-07-25,OK,
VVS,NON_FINANCIAL,INCOME_STATEMENT,QUARTER,2026-07-25T07:34:46+00:00,4,vnstock_VCI_financial,2026-07-25,OK,
VVS,NON_FINANCIAL,CASH_FLOW,QUARTER,2026-07-25T07:34:51+00:00,4,vnstock_VCI_financial,2026-07-25,OK,
YEG,NON_FINANCIAL,BALANCE_SHEET,QUARTER,2026-07-25T07:34:55+00:00,4,vnstock_VCI_financial,2026-07-25,OK,
YEG,NON_FINANCIAL,INCOME_STATEMENT,QUARTER,2026-07-25T07:35:00+00:00,4,vnstock_VCI_financial,2026-07-25,OK,
YEG,NON_FINANCIAL,CASH_FLOW,QUARTER,2026-07-25T07:35:05+00:00,4,vnstock_VCI_financial,2026-07-25,OK,
